============================================================================================== 
Warning! Mixing Conda and module environments may lead to corruption of the
user environment. 
We do not recommend users mixing those two environments unless absolutely
necessary. Note that 
SURF does not provide any support for Conda environment.
For more information, please refer to our software policy page:
https://servicedesk.surf.nl/wiki/display/WIKI/Software+policy+Snellius#SoftwarepolicySnellius-UseofAnacondaandMinicondaenvironmentsonSnellius 

Remember that many packages have already been installed on the system and can
be loaded using 
the 'module load <package__name>' command. If you are uncertain if a package is
already available 
on the system, please use 'module avail' or 'module spider' to search for it.
============================================================================================== 
Got 66081 locations for map 6921d7831744c5356b098bf7
  0%|          | 0/66081 [00:00<?, ?it/s]  0%|          | 1/66081 [00:26<485:13:45, 26.44s/it]100%|██████████| 66081/66081 [00:26<00:00, 2491.69it/s]
Collision for 8Wo52_mW69qfNuYcqVhKqg
Collision for J5LFOAy8fG6wlf3_eVq-tw
Collision for iQoaC-zikUuHB-uKLzgR-g
Collision for aFF9P-IEe6BSpDnJpAgQYQ
Collision for 4Twnn3Tuba4Kb-UU5HgOcw
Collision for sx2TFiwIQFtNjSn3FWcpGA
Collision for eCF0afEoMF8AKFJF9-u3Cw
Collision for yqWPdrNBxbp4ftL8u2X09g
Collision for Fffpfmy5yFpYFF9nBk9nzQ
Collision for 10dH3wRR0BOKGPqwqp8-YA
Collision for Hh3abYqAOC-vUDTeIqJzXg
Collision for gerk0gttA6DEWGTgk61Tww
Collision for s9bdKTiQChcA60ohDifOCw
Collision for aaoeatCcFCu34nArys07Zg
Collision for 9tuMIQqC3fvcYIaYLVLNOw
Collision for AHrxBBiN5U5XAsVstf6_-Q
Collision for mebk4cckSNaY_VZB8-PF1g
Collision for RXV_OsMJI2hVuBQl13MPzg
Collision for iqEvZPRgC5sreUgjpv_TsQ
Collision for ZPRn-W63imDBd05mPS5PlQ
Collision for aEM10lRs7hNIbKhK0cVdfQ
Collision for RUzhvTMsoB10gGaAPWHGMw
Collision for TNpWxUKEjOxWjU86iZvegA
Collision for RhpbWlDzvmzXByC-gTLaUw
Collision for uHq_A2IP-ry0E9QECD03WQ
Collision for piWixMHYTq-hPqbNgTLefA
Collision for IQSTrCrRnPFgXvAChAKp1g
Collision for usSVNse4SH360bSlflDJ5A
Collision for 9lr6lC_LllZCNrdHwiPrLA
Collision for LqqZv9XOYFTBNwESHLWo4A
Collision for HX5Dp9xmqiNmq5C9zQ_A8w
Collision for I8s6GoI7EEi-q7G9WhLJoQ
Collision for eHOcaT-f_yqYCo_7thNGQg
Collision for ZN985U5714Xxs6TDHD2pnQ
Collision for vM8IZzWU7uLp-qEywRsRlA
Collision for -51D1_lG19cDrLxeJ2qYuw
Collision for BHhod7ba48TkZ9KA-JgNgQ
Collision for 2i1Xa9mjArC17nK9zFT7mg
Collision for r99mBSphu0h2blxsogCDKw
Collision for WJTMi6PBWLp8rU9ktJ2orA
Collision for ho1IQIxSTxFFrruDhBd0kQ
Collision for AHT0L1tXxpfkb_Y-ooF0yQ
Collision for KY4LlKMTokIljeLL6_TpAQ
Collision for YTKlZpIPusWMMfYBi8WGAA
Collision for NhMSp7j4u48UppVvwz7s5g
Collision for p__5-7KU6fOkOqHpNryTeQ
Collision for Xrjs_UuuC3X9u94hOPZRMw
Collision for 4_FF9ymTei-_hB7dz-w2WA
Collision for G4AuGu_up6xmrtAz5DiC_Q
Collision for WGoqSBxXE2xd-Ufc9_H35Q
Collision for Nnujcv3p9bBJbHi3iYIh3A
Collision for 0iZl5VZqTO-QR_3Y9fpIuw
Collision for fNjC5rPB3qCh6w_LfKGNOg
Collision for 6I0LKA2pVV-dikq5n5RuIw
Collision for mOoT0932Pp8MHrSp78hyPw
Collision for IID3Ph6ZDidim2N7cWXbPw
Collision for BcYrf6Q8aWoYPgNnyY9xSg
Collision for IDpfpqcrr1CRm-CMPJxL4w
Collision for katnH-sJtT7RZpg8FfCzlg
Collision for Cwxvk29PK_1wqmnUSNxXgQ
Collision for BjRZGtG4RcGu_6574zrZNw
Collision for 4q8UHFqnAXJBz_oBdw9jxg
Collision for hQxugceod0-LPYIVsONoTg
Collision for LsxRgYDZEW8kH4plU8PX3A
Collision for vFwQs9WtihL3kV6_kDgeaw
Collision for OyJMMsRv7aZQ5wDZuEiwIQ
Collision for 5j_7PUAy-HWDTeVXHTxbWA
Collision for 2TibTgdFT5DVeMOeMAsFSQ
Collision for -MFcl7ujbxbd-kH5kEsTNw
Collision for vM9nUJZKel-57T703ICbuw
Collision for fo0nOpGAJ00EtWbeHieqtg
Collision for hpPFxEMmV_njzGoZ-Ws1oA
Collision for HP6tWeeojf7KDHLw7gg-8Q
Collision for Xc93ct7cA_2UVkuJunmU1Q
Collision for lIKz-4eBx49jmoH1JyzkQQ
Collision for dHlmLIhBg2oFHVFUryTkiw
Collision for NrwDd5f874yDeM9iI8jRww
Collision for XlVZmh2bRy5aK_5POWZgTg
Collision for rBSchTXPvtyf4RUIClRM1Q
Collision for 8G9XNdSdWBUFNr6hjPP3cA
Collision for EDW42mpejwHnQFP-M6hnww
Collision for C25erFt0_bonusS0aNmgyA
Collision for YS4LdFgnFj7v1WUBXsyWQg
Collision for vVHgsbDmnEN7DlSA0omtLg
Collision for Vxp_ueG7yHxEvN3CLDurKg
Collision for xNq7F2OU73T2opHeG8AgMA
Collision for PRuOB8jJH8M99rrqq5tIdQ
Collision for b_oFcTqF1DC9Wq52iUdidw
Collision for cCn8XFhn49kIZ62fVji-4g
Collision for ZKJGL6xzrQU79vP44CdRog
Collision for y559J4G5TOxGe64JbFdc7Q
Collision for jIHgQnkzjmlgx1K1IG6Yaw
Collision for nznbfUZo6k3_Ge7wdQzrpQ
Collision for k_gjOVxSbZWf4NR9rclz9g
Collision for gbPgaPHu_qwSTn3Xd1bRLQ
Collision for MdN-GiHg3piv4t9u8UB4xw
Collision for A9THkIvyBh_Zyf49vzItvg
Collision for BtRLEyyId77Ey33ov4htCQ
Collision for OyEyR7KEZ8A6O-v2l2w7Rw
Collision for LIDm9BYc5VajkK1LwaKexQ
Collision for Mo6BB3rGnLJgR1EwKQKfgw
Collision for _j2OrR6EXtU2uO_grSO_rA
Collision for cMUI01JNL_LW-aoD-mKOWg
Collision for lKnuKHSD7oB-G_aRLuNnIw
Collision for pHLmSr82gjVr2S2iKjTSvw
Collision for rskysBuYqvGoIbVDZ6y40Q
Collision for zQLEtRhH0tex-6ORGIiXtA
Collision for aI_3g9TJAfc7GpRMyxtg-Q
Collision for da-dLIv_93umdBFkALvQOw
Collision for zpDUrinJhKF6VypBWgbTxg
Collision for 9jx0iQRPsQ0Mzoxp0mfeVg
Collision for KzJ6SIqoHVJwBHnJbGOzXw
Collision for tdQWK_5s7LfNoerYdXh6GQ
Collision for vc8ab9DhVN2aICzswL-J0w
Collision for 3hMmfPIwRH3uBa9VUm9FxQ
Collision for DkRAUSUTxCYXFY7yevIVTg
Collision for I8ZgqKzsYgulg5IGuYMj-A
Collision for WrnQImTWCnnyYY7ZZZ6lcg
Collision for lNjl8xeib7BF0h1fYOdMmw
Collision for -OS9wMNJHbc6BZbqQZ8Kbg
Collision for AIZvQsIFNQBG4bw9rhuGAA
Collision for HxYHDKqBHwJOIVkyj6A0AA
Collision for J4E_lfguOeTCKZ0ZXmojwQ
Collision for 7t36nwEdUxGzDFeYE7ugpw
Collision for C72Zlmneya7uroTlkK6f4A
Collision for LzxeMRKLZ9Ft6WvV9y9XLg
Collision for WgjC46NBNgYhd_JXuYTB9w
Collision for mrzrFtH5quX1gbvpO36kcw
Collision for YwqhQbDa8wNOM4vO3kiVtw
Collision for _mHSWg3gPu5WOvRiN9KtNA
Collision for xWGmK39CquUaiWvuqahakw
Collision for QrGan2csiQ-XUUCeyB8dEg
Collision for XUdS7GM5-2rQaDXvrriP4w
Collision for bZlDmGD0BUrTGCIJeEjQbg
Collision for j-3hnNQZIjWDWBOHGOvmag
Collision for JnJ17d5Jp-U79wJ8kSTLFQ
Collision for Lr9rUEXHphrqUXHiQNarwg
Collision for aNOpc-FApCLQZqxR5NxGyg
Collision for bQXkaw8tsvX8yPOELVO_GQ
Collision for cZnRJ1008MDzQCAyLl6cDw
Collision for fHEMrqjIB72mMVXydjz9Pw
Collision for iGevclPqKCKCuFZVxnINRw
Collision for -Hh6GVvDE6RYyr7t4MLmog
Collision for 5lQWSPsBzhMXqAjJzCBhAg
Collision for 85nbeT7IyQQBMAxS7H-Uwg
Collision for L2O46Tl09_kh9-p3s_dGGw
Collision for UZyPMmCjHg4-O5W5bblUJw
Collision for fBVzmaLYVh-9PYzth8sicA
Collision for pTuMEC9b-n_6d14x03p68A
Collision for -6NdAoVX3vjoDEIYM68qpg
Collision for Kdn5FkuEKnMlYrcvFemixQ
Collision for Y2iEtIpeWLxzmdZCvGtwYg
Collision for bsb1JvYP_ibJ90Vsx45tMQ
Collision for dAc7hEhRCRhFO99bEggogw
Collision for gAmSoEtSkUWh1D4MsE3wGQ
Collision for g_r1H6xZPDk9ojuIJs9IHA
Collision for h9x3jbhedMMbxUdnHSxV-A
Collision for RqU2DoHnPClUbEC837vPDw
Collision for 4SMepXnaXiVHZrPD1_owlA
Collision for FynIBjUjx7zTTumuFpifbw
Collision for UhSNHyDPFhwWuTansApZ9A
Collision for V-yANiLX2_480S8P-Z48zQ
Collision for jV1gnXuLqehdl9hoK0wn0g
Collision for lYhhhkHX4j-3QNCSKlj-bA
Collision for ma7NOpiSdBQI0y6lPa3Cvw
Collision for s9bdKTiQChcA60ohDifOCw
Collision for sx2TFiwIQFtNjSn3FWcpGA
Collision for t7zu-Fi1g_6g0UPBDqOwcw
Collision for tFqSbZXCI8AMQGFqISEYmw
Collision for xf6tnIzq0CSEkBLLowQocA
Collision for lIKz-4eBx49jmoH1JyzkQQ
Collision for JYFgmqh2PQXI8oK297C9IA
Collision for LC8sHke9M3HT_hh_-TBYhg
Collision for NrwDd5f874yDeM9iI8jRww
Collision for O1LicL8qH1p7bjD7QhSVCA
Collision for dHlmLIhBg2oFHVFUryTkiw
Collision for i5AY_ai8eKnV9oLDYTaKfA
Collision for WeMnn8yE11KVwO3i9vipig
Collision for WsbH4lGbFtazAx2CSOnBMg
Collision for ytvuXraW8m6xxhfas_dOog
Collision for 4_FF9ymTei-_hB7dz-w2WA
Collision for 8Wo52_mW69qfNuYcqVhKqg
Collision for J5LFOAy8fG6wlf3_eVq-tw
Collision for Xrjs_UuuC3X9u94hOPZRMw
Collision for 8G9XNdSdWBUFNr6hjPP3cA
Collision for BHhod7ba48TkZ9KA-JgNgQ
Collision for I8s6GoI7EEi-q7G9WhLJoQ
Collision for tr2s636lb1TnpLIlruAb2w
Collision for Fffpfmy5yFpYFF9nBk9nzQ
Collision for Hh3abYqAOC-vUDTeIqJzXg
Collision for OyJMMsRv7aZQ5wDZuEiwIQ
Collision for USAX0LuFnRYTJMKXh88ltw
Collision for 6I0LKA2pVV-dikq5n5RuIw
Collision for 9G2PplVb668JysmLBV2jeg
Collision for Nnujcv3p9bBJbHi3iYIh3A
Collision for fNjC5rPB3qCh6w_LfKGNOg
Collision for lsMaOz2ELQCdaYNMU0LmZw
Collision for TwpAPvwkc72lZi0k1TityQ
Collision for 6DR1TI7yE9jSI83Jw4XdOQ
Collision for 0dWSLQTDSp2DesKuHKHIXw
Collision for 6ZErlxKfLeo3f9mcVU9zzQ
Collision for NrlPzVblfX5FRE1ApRwQVQ
Collision for iQoaC-zikUuHB-uKLzgR-g
Collision for s8gGleyHQI6Z6iV_dZDqIA
Collision for HktdbWtuVpjpuq-klcFTzA
Collision for 6wfoid1KsLcYILlkKK8zlw
Collision for fuFuBq3hUGYH8XcZrHvB2g
Collision for 1pWsB01SleillX4CI_OylA
Collision for BcYrf6Q8aWoYPgNnyY9xSg
Collision for p_0e27-4CEGusHeRE4ZmtA
Collision for 6j0F8E3upXhivx1Y5iOUAQ
Collision for BjRZGtG4RcGu_6574zrZNw
Collision for ThqS8hBgGGiyL8wD6KLLYQ
Collision for WAT0QBXfRcnMNxT6xKr5hQ
Collision for e-sZ5FHwiH0olIoavjhF4g
Collision for DnzgjgmYdQd5uOPboxtDUg
Collision for HP6tWeeojf7KDHLw7gg-8Q
Collision for RAnouOxZaimdtaq_J9PtoQ
Collision for kHsABRmI10LvJi3kYJ51cw
Collision for vM9nUJZKel-57T703ICbuw
Collision for xWl2gnxHR9eMwN6LvGAj3A
Collision for gP4CY0OWYn_JVbckCUHypA
Collision for 6DJBZ8lz8TM2DdayW13wEw
Collision for BmiAPtFATlcYDTDbJTWkmQ
Collision for CVYVUy3Ig8Mjrsz8fDJBgg
Collision for PlD9CySVFF5fsFYl_2cmBw
Collision for Y9QUCi2a3PDCeFUT73x_wg
Collision for UuDMKeE9iGdSvh-jFxYXkg
Collision for x7QzSxSwBNvt4KUDHo1BBg
Collision for d71-13jjtRSi8rSIJPVpGw
Collision for 9F0eRhQa_xyQcNnl3q1FAg
Collision for U1UIMFIt3Wl6e-A7bGGcLQ
Collision for rKBFAzh4V4rU7K5ocx-fDw
Collision for ZyinV7EttA3ozqJcjd1CMw
Collision for X31poJ9s5Zf7MjLuL_7BTA
Collision for Fce2soHwwKOwlj-OH1rLNw
Collision for qyFUp7L8EWF75_n9GJKrvQ
Collision for aoLPm3CpQjYDNVtPtaW44A
Collision for wbt1_2ISiECCKxhIHs4ptw
Collision for KTtlL9ewskOHQI7qqPaW4A
Collision for kGUYxdMLGKWbs048CP5kdA
Collision for tzbcZUxolxr0h8CkON1r6A
Collision for _vIGy3su11g8AMtGw6YOhQ
Collision for TmYzfwQFq6dmWTObMrgaZw
Collision for cnZ5o4Hfk-JTSQcu_PheQA
Collision for rRMmWBHnEnNLtTHpSrWJfQ
Collision for i2IaTiQDHlyTO-bTqwvRxw
Collision for UDk8jXnCfVox974YVgDurw
Collision for n6za3fHvKZ9o8SftbOBuxg
Collision for 1QHaOsmA_GsMhRGdJngAxw
Collision for 3p55JK2DciTANXcF-ZT5Ug
Collision for LLqRYJi_4hFtzpXtlBQZFg
Collision for vkQzR_d7wVOyLVoO3z51fw
Collision for q4RfZcpNYNcZ_DY_GywqNg
Collision for Hn0J0eZ1UnVK4CeP5ZgsJQ
Collision for yCMlWZIZKF4rKY49ysl6gA
Collision for UAmefUX7JoTSi_yfDV16Zg
Collision for pjnc6SNdin6OidTv0TyTZg
Collision for Ft8R-b178M_s3oOFc67ukQ
Collision for t_hHjw08LTJMJtMosx1xQw
Collision for WyQRT2T3ATmCod_KUSyzyg
Collision for tXoSHCFlcWM3R6CN-4AZRg
Collision for ukPE4O6N3DAknBj6g03vUQ
Collision for 27zMoFGIqCVf7zMyYKDrIQ
Collision for gWzoMEq3JaCo4Eg704x6nQ
Collision for ICJxBJjRKaQqwe1h09mq0A
Collision for qd-cHGOx91hizGOrXMEHqQ
Collision for 27pt3jCq_4kLHIXwJnsqsA
Collision for etoJdkpBdfPNzUmbYzAHNQ
Collision for yx6hDbN-2tGKdSouxigFwA
Collision for R0kQoOh2FptY9lbe1EOI6Q
Collision for TqMVcNSh1kS1l4oDYKOLSw
Collision for 4ZNPjFgcu8n044Uz0--trA
Collision for dud1UDMj6LtFGRPxNudnsw
Collision for z74n2EyDuGII6kNCjk5sPA
Collision for XmsIiTuVTR6VOb2G2MgROw
Collision for 3FeH2asYEeWgpmEaC_4s8Q
Collision for Efan-NFs7tIaOmF6WG0tqg
Collision for YuKAWN5EX53jO3_a8dWSxg
Collision for 6re4DWHD9woj6EGRC_MB1g
Collision for RQmILs2yLUEjdDn_BlXSqg
Collision for UCUqI3vnhp0C4B2dKgzFXA
Collision for 7zg1dFEl86PsTT9Lp3Q9Jg
Collision for v9Q0mIAAoa76oBZtJIziZQ
Collision for tEdv8XF9FrT7cz7t08-Hbg
Collision for QzT8XyDihQP_ZAOd9LAEQw
Collision for HFb9hKxHHF55bMoo-n9hHw
Collision for GMeilitHrW7DPhSEqQCIVQ
Collision for W5V-Nv13qjJk76PEq1V6Yg
Collision for yCvTpbNvGY7vd0rCrAxFSQ
Collision for BqiZCIQDuh8dxyxd87aMzQ
Collision for QwS2gibzc5B0NvtmQqjIEQ
Collision for 4vQ_ac_IfYmun1t23tMK7w
Collision for q4X8HVp9LS8c8O8m8SP5nw
Collision for 03U-MLrtbFiW_RfxDjNDfQ
Collision for NBbcetttz7aP5ejbhFjGOw
Collision for buDRoxlgDYmXsRhiGrhjjQ
Collision for ArXQng96gZ5m2KA5Jq5vXA
Collision for Nj9aocm-pr4B0mPYjTBNHQ
Collision for wjvaHpMt5Kblh1d1ncR5LA
Collision for PYELA-BjyjZQoRBKF4OatA
Collision for cOvssyOApr_9ugcVeT95tw
Collision for jzms61Yj1IL_0oWpyVH78g
Collision for inU24MWMMlUQqMDHBbqSaw
Collision for 7CvLcxRuDT8SHHft2ZdvvQ
Collision for bIZe0gwrO-8S86qWSG-rbA
Collision for h30rOQsodbhswl_0QwPGGg
Collision for gmStbJ3gCS5ndMIDZSiYvQ
Collision for rmCfOf2waQVoSGpJt5VsEQ
Collision for KwS9rabfd9fJjQPaAXWPrg
Collision for bnvM58PknhWdmPZrpRW4Ig
Collision for tvHX5aT7hxrzAJ5JUOVj_g
Collision for MWgqtJeYGqcDJjUuEq714g
Collision for lAF4E-FnYe08o0iuXE_qnA
Collision for yGpUiMKKYgIsXl8RmRiuOg
Collision for yqLQHGfxfd8NDn7QtT42EA
Collision for ENDs-TLLUkrOn_jFvpJpTg
Collision for W6Y2_lQYRir38GMgIkg4dQ
Collision for bGmV6qqshfLTvydM2r6krg
Collision for nP-emHyFU4uEbeCqKekZhw
Collision for Kz9QNl78fqqJIw9AuJI-oQ
Collision for 1ixJNgG4a9c-ptLcmgfTgg
Collision for mO5XR24nQRkNJF9vpxHVOw
Collision for D10uu-5aQYybd0tKEYvggg
Collision for d7N68z6lWN-tUtEs2EWYkw
Collision for n0euTMoy9rpk2753CSQQ9g
Collision for LTibH8sI-Vgcd-9HjxRlow
Collision for 4_Y1NaF-Jrtlgk4Vc_k2jw
Collision for m3wY1XBTufoCeUrIOOJLvQ
Collision for OlxkuzWO9SP1papiIp-JOQ
Collision for DvpQj4DKTkPraNFvreXQtQ
Collision for J2Dr7utXZivWRLmOnXXoJw
Collision for R8aGB44EDlIfo7wDaBOaSw
Collision for dXbIf90qjBzWq3c1UaMBNw
Collision for WPOcIL9zpTzKLn_YUZ8Vag
Collision for DMt0AO_Xu2R-3fTRIv9gLg
Collision for QChtFQblCNRA20Qc1ZLMXA
Collision for xXSTYPSvUdEBOeDD2w1toA
Collision for -XjOZXqW1e2oLvpagz4byA
Collision for PGH5WOFcExz35DFw2aFpDQ
Collision for cdvEqcGwV-TKhNNPtPZBww
Collision for feSfEStIeK1h4-wxS7zpew
Collision for 0M2SkLDGqF5cUAVO4F0RfQ
Collision for -gaoNCpEbgAjtvmNu_eosQ
Collision for iP1vAW2fMNus61AkPOzQiA
Collision for eECOG1iViHiZ0fFKOzvDUg
Collision for ALAw07wKezRThGwNguKgWA
Collision for bHPngmuvPOUQljbg2Z_YhA
Collision for 3ECfy_Up6WRBXibfjL48iA
Collision for LF9dUDh_8NrTt7ItKSGizw
Collision for Xl90nZfRxyUxk9IDZCk1dQ
Collision for pXNUH93Kz9t8TypgUc19RA
Collision for thHR3IZynl7-5OYoUIGJWQ
Collision for 0L2hqzsNPuI9VkZZHKN7sQ
Collision for MCodZn_OWF4tt8IJA3icLA
Collision for gTW8aEfYiY8kw4NcBG28fA
Collision for i3QdIx331uXHPapOkidHhg
Collision for bktcUID_uO6xclEWjWlzpA
Collision for FujZJCkh_4kr3acQCW2nwA
Collision for deXrhUCv2A4NalRoGMIyIg
Collision for BNGd0tU-s4_H66vJ71BS8A
Collision for TKSjaCz0AoNaPXhtiKfn3Q
Collision for Lh0hxxSqFZ7QRckaOHOcZg
Collision for eJVFqOWHyl33qxvVSLa1dA
Collision for S4_iaTt0qP-yDyviV-T2lw
Collision for BfCLV8PBlx-Vs-29bdaQPw
Collision for EHkSgTEVeCR6F3sPFFpyBg
Collision for cJ4K2rw5nnWHj03emKltTA
Collision for O8owR23Wp004yi7P1desOQ
Collision for 7ImKZFQ8tWmXLMejIaT2OA
Collision for LICQsf7rSC1zs5v2MAGFlw
Collision for G3YA6E0gQYhilBIoTJ86fQ
Collision for 5zMBC62iLpIjXX_WYnzYTQ
Collision for npwL1NdYEaxenF-Y8wW_5A
Collision for 7_mY-sGiaVjUMPohzAK0LQ
Collision for bktcUID_uO6xclEWjWlzpA
Collision for C_0bvSw1el8NENuilq4wWg
Collision for E3uuPslzB9HfmdIKZfJ6EQ
Collision for Vmhu6h3K41XtVtCSz6N50g
Collision for 2E-XdP01cphFP_l_8cyJkw
Collision for 4pkuiRTYcZQ1a7NEH98FIQ
Collision for sfVovK9eDw1QyrEYC9rjDg
Collision for 40xwtq9hwluQGdqVjtUyuw
Collision for FLDwmRhrJ7IDz8hORUqooA
Collision for 7u8XtHsO1WEsFNod5Ojzlw
Collision for eEf8Pjk6bgmkHop6n2K29w
Collision for _A_X1XaBJ3xXtGg7CYM8qg
Collision for GfGTsnYSEEqG0UXXiQY_6g
Collision for SfAlU3lJJT7o3-j4KMz7-Q
Collision for QUkFnhm848G9lDlaMBFdfQ
Collision for Qv8t4JCS1bRTqpruyJa0ww
Collision for RkKJzXIRIVSFkeQXDfwrXQ
Collision for 1-I7FQRx3-iEz1-FtX3ZaQ
Collision for W9Q0_56nSh7TDOpgyp2akQ
Collision for wEH8UUD9nEFBdKAllr3N0g
Collision for 6d6h5nEfypkLbiC34ExVQg
Collision for n35PrMSzNTFeMLAW1QVO5w
Collision for MY3RpG2zQqVTFnphAhPlZA
Collision for CYYG7R8swHGevcSBiO74SQ
Collision for X7HXBo6Avz2S3WlgajRXZw
Collision for TYj45i_xqp4MnqAb34133Q
Collision for qjw9E2atjCwtOYiAyD_Zhg
Collision for Iioi24S85UWRgu2U4jHKFw
Collision for hfkGfu4UYl8ryexoVFbdwQ
Collision for rQRA9MkP9Cldxano0sa0sQ
Collision for WFdN-PiijaabrTFhWZqe5A
Collision for l0zRsI1PEwZHjcID5Pr9uw
Collision for rIV-MeuihNlklNWPKQFHBA
Collision for lGEpka5VeB5VC-8oq2aCOQ
Collision for PTq_8h5nyEKox9t-xhogHg
Collision for DEia5zQHW2uFQVL4j2u1kg
Collision for bBPEQMC-uV5LD8C7a5SP_g
Collision for FHK6iYZi3eRAt8hoDXsBZQ
Collision for Lda9rT60eT6_H2a8nFM2SA
Collision for a-MUgMlELI1ZmF8TOMEGAg
Collision for c7Amg6RfEg-IMphKAJDJnA
Collision for YNmChPW3ocAsZBQq3rdU5Q
Collision for a9_cHnI6-Q_F5P-FKpmuHw
Collision for ISAkCsJNnbbGt0ts8Oz9uA
Collision for yC0UYHqomMLPAkRD_YwNHQ
Collision for QWdY0F0Q7nP5-XoRqwB0ZA
Collision for Uyf4AxEmRWIbFwfctg-VFw
Collision for 0EW2ONItrU2yzQpQFWn9mA
Collision for ycfzvztjVxxOYZ6jlJvzlg
Collision for M-OWWtB4XMzBimkNwZ2S8g
Collision for VUkaG3sURlq0UwW6Sp7mvw
Collision for ViPw2s7OntvMA2h2NjlPYw
Collision for exzAtRdDiZXa4k68fUyPWg
Collision for duH0_4gTVLpSE9KitQ5aDg
Collision for _2EqNCyPzAbmowNtbG7BgA
Collision for 4nME2wBDZ0YiD6bBNbZEqw
Collision for WaijfXCBochgmthwFlr0Ow
Collision for jXo34mQS2NbBK0FYs48qAg
Collision for 8AO7pKMpiX_NIIkV92SZ8A
Collision for CmyXY-d7-ua7mFm36brglw
Collision for kSdCmVADDtIU-U_KFNhKOw
Collision for u2s1MY33bpWX7u5oSLqeKw
Collision for yJo3DUTNRUDfaX47mfBHlg
Collision for 5aalw4u5MuAav5eo5pNOhw
Collision for FLPKXj_yt7sb-Kzs6AlyZw
Collision for WcFaXQL7yG9Yq0RaUflWaw
Collision for bj-AB-eZ5L9H8YvEKETQrg
Collision for sBXLa1vqsjFptwKv4tYn8w
Collision for 1YGQw9ZeSC55qAwwh4IQDQ
Collision for 0tEuzkhef_LjvGQHv7VTsQ
Collision for QEvtfXbI9AyIZOzXTEXVxw
Collision for _AFsUc27x9kB2b_-tz7Flw
Collision for u5H4LeDkNqKiPGwvVanmpQ
Collision for PJP-7CPpR7Ilt_U4xZBT3Q
Collision for uP422QYLjRpEfZ2g_v6H2w
Collision for mt8m_06MZd78ppSzDmDp-g
Collision for B-9xolep8EaqXYLMUxAfwg
Collision for A1z8utKdVBfS2odNrE3xZQ
Collision for uXSkBUDXqMuDzzF3izlPEQ
Collision for cx2OVUmBAiOT9_5r5sGqoQ
Collision for MUZJB1NPr3rAcX4qe5PC5w
Collision for eh16b1wOZpud_A_zBdPPeA
Collision for G-hNTmMXVf1OGokG-gxY-Q
Collision for wRSRd415LPteb-cJFQgRfA
Collision for 1w8EluOxTUQZ5vI8ugntjg
Collision for OITB4GPrClq3kBLv7EqgwA
Collision for vr-O9tlmeSJKrutXRePYSg
Collision for miXls_Y3b3gVyl59_HCuiw
Collision for _uajY0v0zM8L8aj6pYvBvw
Collision for XpwMc5wqU4SuceFebEqwWA
Collision for wdIA0-TElgkUiujM4DZ9cg
Collision for 8pIf1HgV8UME0YIsOFuDxg
Collision for VLUkhrStqIsJuOHljP-aKw
Collision for H4eUL-oskzS-kjkwhRVg7g
Collision for gKBdCm0RjEfZLMYJZRuNqQ
Collision for 26RdSHKGrhNhouUSG0VNqg
Collision for WVtufLuQX_nl6WVOv7Xb-A
Collision for dEJU7AII1IYXtP-VKfmbyg
Collision for fYcCSfd7xrZvRmDmDx-tYg
Collision for 8f0WWvlfbNMlMfeQ8LAqeQ
Collision for u7IyUFajw9XR3oVrckv0ng
Collision for YWNy8TlewKINO6wkZNIuDQ
Collision for UsM6IOJmWEiZ4Bcdr8fdGA
Collision for 5N9nc-MeIYBB9eU5wt1-hw
Collision for llWwa82TnhKQETtHQ34b9g
Collision for 3CXjHNQ-p-uoc0qdw0XTdg
Collision for YwwEtI-O47On4qcVGRnKnw
Collision for eUCr2glVDACnbDtYMJn7ew
Collision for xtRAu3zvqrgMvlnjZvdqPQ
Collision for TYmp_gYQ-OSHmPqSvqp2Rw
Collision for YsqrKKzEXAWAvBBUevItpA
Collision for iqVn2wEda-1vUkqBsauGag
Collision for hbjn6LAy7aXfWsLGYjIRgQ
Collision for lKltV8ZFeFaslolnWBKX7A
Collision for z5YE12s-AdwfC2hbMAdhZQ
Collision for HsgueJ8-MjUCNARnYo8kCA
Collision for NRRJYi7qMdExwEBa1kZpxQ
Collision for 7jrkVVzzfWiu2TDlyltQwA
Collision for BircB77ytVeMLhOdUlaoSA
Collision for P8P4hpWgVYMbRo4z3_aYfA
Collision for Etq8FDwCrMkD6JwgoNcqeQ
Collision for 8i8sWy1W-UnjSpV9_3Cp9w
Collision for Ax84_X2SeQhbrKYwKiG6Ww
Collision for YBMNGmff98BUkmvIrSFB4w
Collision for YfDP4-pEPhlZHUMlJZW0Ww
Collision for _3cSWYKsIGLL9HXgglsesw
Collision for uB6xUVPICkDL6aYyS2sb-g
Collision for gfWm55aqPygEKtvMf6blvQ
Collision for 4zIh7DjoSa8_YMxQ7UPJNg
Collision for 7r6wBBZrZH-yOmRCikZpCw
Collision for E1B0n7zHzXSVIwsAOp8C0Q
Collision for ZlQG5fvI7a9UrJnOWkUaLQ
Collision for w-m8rnHx4ykzEBxxGXky4A
Collision for ky06qRE4xjc2F4o9XASEYg
Collision for pXWgvJhScBqC-ZVRfyBJvQ
Collision for syzZT1b3z_DAA8QpuqUE4w
Collision for MRC4v9KDrlE2ATX5Ts6UIg
Collision for RySkf1btkGM-fTRxKargug
Collision for SDwy7UGYqB4vOP02OQV7Pg
Collision for V42cBtf1MOK7r9HqpQ76Tw
Collision for x5pGtmbPIgdjjWHUOoOcLA
Collision for VTgKrT7aR85Jbq9UOPHs-Q
Collision for ZPRn-W63imDBd05mPS5PlQ
Collision for BgWAhhs6YNoC5evu9fpmaA
Collision for 8kW7ewJWaKT7rG09-zCB0A
Collision for WK-V4rCK597UXh9EeOTNmQ
Collision for 088BLNn0zvFoJerk-JtYMg
Collision for oZeYrW55qXH2jAdsCgaIvg
Collision for K1bdFb78LzklTAyNdTpIgg
Collision for b1qkICGNHFxcTVhgePlU9g
Collision for pl7fOnzR3WEVcvpnzYTRlQ
Collision for iVNYLZjVrghCrNg1N73ueQ
Collision for Rha4NQlirE7r61ub4YCMFA
Collision for -5roq9VTI8RYvMwQxWAoCA
Collision for erH_SErNbzGjKvFzvHmQOg
Collision for aJ6eN1axNcqVPw0tTzzxGA
Collision for _E7VrRz7bqhqobBsK07-cA
Collision for xYoApYt3PL80GV7hg4HXug
Collision for RL2zvXQ31E-ML5WfSNRhWQ
Collision for BLfKFiTnriOYiXbuUJ9lzg
Collision for jfxIvQoqaX3W35EtgpzYTA
Collision for 0eOQ2pIN_wKiMAmeo5gvVg
Collision for Hu96_-PR-Rt8oJo1SPXkFA
Collision for km5D0fTkkCP0CTuMJlP1hg
Collision for tC6dm4DYvPSmZIZxBbE5Fg
Collision for _N-PajVPNWFQq3jt4PPm7w
Collision for 3K3I0F2a2whCt9jhtHR5ng
Collision for 6LBii-_0mDUKcpcM4SHrYA
Collision for OcYfVlM7Itq7GWFk6ZRpwA
Collision for I_Vk3rrR0zL3ZsMqa8Bb3Q
Collision for GoCUCWzggO5EBk-daCYolQ
Collision for KtfJ9soRIHRtMz8esxh9xA
Collision for hu3l9fLBrystpfxqRoz1dA
Collision for c_N3Oxb0dpDJlAq1YL2Ezg
Collision for wtDii9_tE8l9azhknjK2eQ
Collision for Me_fiszvUCixbZg0Rq3Gcw
Collision for NX-LvbuyN-LYNg6bjIVfFg
Collision for NMcMN6k3uM_Yo-W1XmQKvg
Collision for hpOM4pyzRbYE6GjH7UKQ6A
Collision for q29LIsrTDMQ8dT0xStOt1Q
Collision for oEDQkTbjBn4KRPGJ3M5zWA
Collision for mDgdMA6xGPii-_8N0wCggg
Collision for 1WAo0lv3ZC2DkypUCSVNnw
Collision for SxHFlOdpL2TZ3TbBB6HDvQ
Collision for uR5WEcBEmiYND2Rl1W9iJg
Collision for vrQ3tQBX5nI-EuZN1ZDhxA
Collision for jcG1qH2vM6LE3lwtyUXJTw
Collision for O2OTzbXIJqy1iJlspAnoyA
Collision for MqoZWxUOn3RG5zxyzpeGSA
Collision for A-y9BCgi_4t_hWl3ijVeIg
Collision for G2ZbKUnw_4Mf_PtnYGygwA
Collision for rRZ_vP1W62bipsqwBQ9awg
Collision for VzwqRIaF0WujNlPCGyy8-A
Collision for VMN9CnZltXi_npDYMUB-KQ
Collision for JpuJSVcxm2NyQpz8k7NTOA
Collision for ACMn484G6_-7WiPljVB5lA
Collision for XC4QunXpJJh8Ua7_rSU7Ug
Collision for a9_cHnI6-Q_F5P-FKpmuHw
Collision for PdM8lYlRrJWJD14oc8dsag
Collision for LZcqkXEZQrlkAtWec2ThBA
Collision for 7EFYgmu2w7S0k7-lwQm2oA
Collision for GR8rOMsaKTDWegUN54YDGg
Collision for efQivzrGixz5s1uG0or8Yg
Collision for DBYLRhfeqJWdFSZlCwVwxA
Collision for -59tFFLS1-ix5VCXFZLWAw
Collision for PW-ky2Ol6D9TaAJG2BWa2g
Collision for UsM6IOJmWEiZ4Bcdr8fdGA
Collision for hZp3RXmJHkJhSM5B1-gHsg
Collision for UPD2md9u9YB3wJvL4Ahnmg
Collision for 2UKpLfHTLiVm_54jit5K0g
Collision for 8E3cSuNIe6rKFCsxlna2VQ
Collision for G8CmOBEKboa85U8LlddxxQ
Collision for risi1iguqzgGKzpMNbUduA
Collision for bR7JNDmtU1FgpNlSzo4amA
Collision for nb7ygG4hqpx_VOsnrj343A
Collision for 5mpQel475zkl88l2aL5C8A
Collision for VcUnajBo-C6Emw9NWFLFSA
Collision for Ta0O2MGv_53P1wkTOl5gLA
Collision for G4mZ96h6F-BFq1XstGmc7Q
Collision for -MaNmdE-bfJY7YCIX5m1Ag
Collision for Rby9to-lcTqwndenWdH8ig
Collision for 5aalw4u5MuAav5eo5pNOhw
Collision for BCoOF9QZYpZ95k3x3uT7CQ
Collision for 6pjgaoeomB5gl0u978EXFg
Collision for Rkb-qXHhHBd-F3vqVBqfYQ
Collision for GOEALiPTC6q9dxDBlkQyvA
Collision for MFA5-NLuUXbOsRQAN3nvyg
Collision for Uyf4AxEmRWIbFwfctg-VFw
Collision for fHKniBl6LgcsPL2DwqbEnw
Collision for 3E-C8nZZvDa3LFR1FbrwsA
Collision for 1VfOPrbp8eIJSEs10c5qaw
Collision for Oi7fyfjanDbIKw0xatXh2Q
Collision for Ko7DOp6UfinjXCYVAkjCyg
Collision for bR7JNDmtU1FgpNlSzo4amA
Collision for z4upiJW5RP3ItNiYCgSScg
Collision for BL2geczqby_cOhR1wSrmnA
Collision for XgI6HovQ1cQlW7W2cQAo3Q
Collision for DRsw4y8VdWojGfu2Oss9nQ
Collision for VlJnj75TcBB5FF7CnXwXoA
Collision for KAy1kdp8_8wvnX-gTd9nyA
Collision for is7Owq6Kn_GdH2BErtZu8g
Collision for a4mGReZ9nOdU4Vk1JUvorA
Collision for K3YkeHNClugZTIURkH1FGA
Collision for oJPjKbDq1zbKHZJei3TuVQ
Collision for NQpQl5BPBeEpghJPfApdFQ
Collision for _gybFfGoQ4h7e16gyF65nw
Collision for CWJFdbWWq7Iid2pjT5192A
Collision for c39MP_gAk2Dx8tTaoKXrrw
Collision for fukhd61E-kMAMVt-BRwlSw
Collision for vBTSXv2C1WFqQTMyd03v9g
Collision for CV3S-P3f4f6zGfihdooUvw
Collision for vRMVOgzhLdCw7kl_47odug
Collision for TmToYXp9a1N306M7VCp-ZQ
Collision for Yam7XjeHfeyBUTLUwNuckA
Collision for -Sj9o4-mcIN3NHpINNNGfA
Collision for dEZHic8fn2Hr-I4VHFbJ8g
Collision for NhMSp7j4u48UppVvwz7s5g
Collision for X2MEtPXEnkeg4_89MgNTvA
Collision for p__5-7KU6fOkOqHpNryTeQ
Collision for AokbNs90ihebgDQlj-uL5Q
Collision for f0ufqeoaqeJFlXTXUF2e4A
Collision for LxAaqOCl8I1_2AZscwWIYw
Collision for 8AO7pKMpiX_NIIkV92SZ8A
Collision for ZN985U5714Xxs6TDHD2pnQ
Collision for QE67iaUOqvGtKUlZ2dDKdw
Collision for f0DyUVj6829bMKjm4Uzgwg
Collision for YS4LdFgnFj7v1WUBXsyWQg
Collision for 5ImhgBRNrESHGUGmsfQfgg
Collision for ZKJGL6xzrQU79vP44CdRog
Collision for EtOyXGHutnEkerUhmKD1Hw
Collision for vVHgsbDmnEN7DlSA0omtLg
Collision for SBiKZktt1b-7I-rorQ1nsw
Collision for xNq7F2OU73T2opHeG8AgMA
Collision for n5D16wbwLIPOO8xkh98S1A
Collision for TtUQ2rNdV__R68JcggLp-g
Collision for gb5tOMu4EosGbOXCBhlK1Q
Collision for kCbIRAvuENl4y32S4YlIOA
Collision for MEH-LJ6P-AxpRSBr6or5MA
Collision for ZN5CtANQiamizBT9CLEN5g
Collision for 9XuncjwuI82mkstTActRbA
Collision for m0Avmi0N4z_F1MUbPu2asA
Collision for kTkPmCzjeJMzzJpM3VVUTw
Collision for NBa_ZeH43wBEbLiMTvfaWA
Collision for EspyVtZuyF05xx2R7zc_xQ
Collision for keHkZuCTZLCQQaZPJ0M3Zg
Collision for b5-3fDlUwCWBavci3ITuXQ
Collision for bktcUID_uO6xclEWjWlzpA
Collision for Vk1Ya5ph7Qo7y7L3K-8Oqw
Collision for TqzX2TJT7FvxdRR_C5Sqhg
Collision for At1jwz7aqg6eYeFZbxI2NA
Collision for kSdCmVADDtIU-U_KFNhKOw
Collision for PgFZPgRvyN-mEd5oJWsjPw
Collision for qG6Yx1l9aTPRHgbGXadMUw
Collision for fpSAOH6GJ7ghJFGlvJtddQ
Collision for axAKvWlA2uRx8A8NMe1KFw
Collision for CFHMZ1j1x-Lnpr8jzAw7AA
Collision for j75yBhGOGsGnBRuynJTdGQ
Collision for ycfzvztjVxxOYZ6jlJvzlg
Collision for 2844KPnIflctacmcvuEPWQ
Collision for sBXLa1vqsjFptwKv4tYn8w
Collision for G20K_vtBdslm0bU84yYuvA
Collision for 3muOYhXyZhtBb357ER_1Ig
Collision for hCrWnF2Rvvi4BNKfXQSzPg
Collision for UP7Pgl4LtZCzDVBE_DSf0Q
Collision for tdPPgN_H7OmwiNHRMIMFGg
Collision for FBlJOEoc2v6C0tEYucZqRg
Collision for JkpjCiMn_uTa2Q2BBOnvpQ
Collision for ormAtQkgL0Q2cTyaFlyZDA
Collision for PqgqI5sS3rBa9aR9GSTUZw
Collision for OI87knlNbnJJsClemQV-fQ
Collision for jeYFS1A4cpzshyNzetLvqg
Collision for dZYeDfnMDK1_0GmFXkz1wg
Collision for QWdY0F0Q7nP5-XoRqwB0ZA
Collision for Ps6KGrA0XhCchOvT7onJFw
Collision for naNaUnCL_9Mq2SMczQbxLQ
Collision for IpRDMOcSSLMH7c_QrN9NOA
Collision for IamDzDoXYvSIht1yo5o1-Q
Collision for u-0_PyBUq4waw2IxhVbVEQ
Collision for IA6FxhA0qdPX5TA5LyPJLw
Collision for 9fT0fSlDIfntBsLb6vv1eQ
Collision for gpbEE8mAcYDCP5zNlSZuOw
Collision for _r_qM4YmKYqWDs2jOtyFwg
Collision for 56boRLZ80OVEqe6Wmyk76g
Collision for y1BpsaCYq1ij9DyjBAV48Q
Collision for sfVovK9eDw1QyrEYC9rjDg
Collision for R0U37md_iSF3J28IajXYFA
Collision for iJ7BlPgFfrY3HAi3NhV1jw
Collision for 326Ni2-GitElASiRDx1HtA
Collision for dXbIf90qjBzWq3c1UaMBNw
Collision for 81nETxZ_XPuYiAfnzaunqw
Collision for 3BgxI66MFYMwsZJ3_xudTw
Collision for Xy1dFjyePOax4TWIfGVGmg
Collision for -OJEKHFR_inCuiEr4CeRhQ
Collision for FYNfpgcPIHIFcwkoh8AlUw
Collision for SUocs_VaI2m_w-HKI6Svtg
Collision for 24ySsy63Ft8vove9ZxRypQ
Collision for enPnjLqWxMo6s0lB9lE2WQ
Collision for Pa--umrLc1H8kPC50zloyQ
Collision for h3hNU271L07AwBgU89-2vg
Collision for oDeNM_oE6V5IRsi_4c0pUw
Collision for 4nME2wBDZ0YiD6bBNbZEqw
Collision for krZs_KnKK9RpL6gUGXQaNw
Collision for 8k35lnEyxWt3H1XGKZNFbw
Collision for NWBoRrLR5IcVngVz1pE4DA
Collision for ePKVaSkhaaGQxPSm6WJFIg
Collision for B2X9dFFEfGEMwdaWYq1zCg
Collision for I0Sp3dy8vVkWDZdxYO7eWw
Collision for 06DbFcMO3BQx3OfHAyZ7EQ
Collision for a_nGfPwIYQbIOBkp6C9THQ
Collision for IlpU2v5dVAjfOWwtxkuM_Q
Collision for wqBOpRhAiMe0hrnDByrLBA
Collision for AZkaacHanFsW24Rr-bdeog
Collision for 9xFt3BzjBTUR9F0ThqS9AA
Collision for WcFaXQL7yG9Yq0RaUflWaw
Collision for cyN93Zh0hevaHCb341H8dg
Collision for n-rMKEKdR1rLUY8Ml2zdHw
Collision for EQqI73SZAwTqaSpH0miZzw
Collision for DOsxHLkf0oTNTFTXfPktHA
Collision for vnfM-bu1PWMWrlbQbHkAFw
Collision for YyB7KJknY0WfjT79OUUDQA
Collision for JfYkuaRO2Kk7NPaB4ODAUA
Collision for wjP3kD51f4_2XgzBF__o9A
Collision for GBr85exIZxxeII6Zd9TIUQ
Collision for AL3LiELMG2i_FmIhIjwGGg
Collision for TjSsrPkyEiImAlHwrpDsvg
Collision for tw1KrT7DQ5JT5s7obVTQuw
Collision for CqZ6wWjg4_iSaVD2U5oZ3A
Collision for PmE1bfIYWpzaFftbwXZAbA
Collision for 8TC6s1ZtI7O1aMD1IeCKHw
Collision for GUL05X9g4ilwQvNgn4aioQ
Collision for K9r1odNhYyBlkmU_Rn8B5A
Collision for Mjza0WBm4soghDxHOkzdBw
Collision for _IkJ9-dieCqdLq1PKLU09Q
Collision for ekLlC9JQ5dxy1V1g0yL6rQ
Collision for LFDFrBwuAiI_LK2iAGK5Bw
Collision for WS53JU2hJ3nQkpevLXFVCA
Collision for Dml2yhgLxU3CMxUYGRT1jw
Collision for rLOplwk6n4wb-AjfuhY-Yw
Collision for FLPKXj_yt7sb-Kzs6AlyZw
Collision for 92nqi8kQSAIMfzE0f-kDvA
Collision for tvOwwmDgBC5qxWCVXwkIrQ
Collision for HLM7r7IodOSbsP5LQEsF3w
Collision for rQRA9MkP9Cldxano0sa0sQ
Collision for Mc1KLEklGvO-4u3ck7izow
Collision for KPHLeUaz7tVe2DDh10kx8Q
Collision for u2s1MY33bpWX7u5oSLqeKw
Collision for exzAtRdDiZXa4k68fUyPWg
Collision for nXzhVeSyMudE2GEjNHB5lg
Collision for Xw15-eV74gqkYh5HGuYm6g
Collision for TdcFKncgmonwLfzeb8c3qQ
Collision for KFYS6hvnE9blPwF5oB94PQ
Collision for HR1lyjbgmcTeh8PoLQmQ7Q
Collision for YzNkduESKRVZm9tqRdh2Wg
Collision for c_y3Cmoc-nXH0W-THCk6Jw
Collision for 7s2gw6QLGWIcbJkc4azQ4g
Collision for djfRhpDVY897gz5dcVgJIg
Collision for FnpM6oI2auru6qsD9CciXQ
Collision for e_QQKuZGXR5ADhqRfdkw6Q
Collision for RxHdnlWeLMhx06I35PmFJg
Collision for rGniXpfOJk56zhKxnGB98w
Collision for cRKMye5vDsKjdti3CiTN2Q
Collision for kNnKIHavTuB3boJBLAs2Kg
Collision for YCzBmIJMb7bcdn6AymChYA
Collision for yBXx_cbq0T_hMgDvBfvGyQ
Collision for XzIdDIXtHAllhgatrBJo-g
Collision for cRw8zOtJN94anU5NpA3i2Q
Collision for MzwY-xx0nwDX6JDMUFVDEA
Collision for FH-xzmcRKE5ZRFikPkJnIw
Collision for 8sVmtWRBmHebB2vdh2rDbw
Collision for GMtNIV9bkELYh5FmlpYPJQ
Collision for G3EXCv7QgESCj9N_hGjFcw
Collision for gvqqGXQfebAz7NNXutx6tA
Collision for mgNPVL9-PIUvjxsx_SDqyw
Collision for eGaOb2egEjIsgqb1qEcJSQ
Collision for ezxep2ptM8QrxpVleNVmqA
Collision for py99xjIsu6IH25osp4kgMw
Collision for 1YGQw9ZeSC55qAwwh4IQDQ
Collision for 44mEn6URFXLPU1Vilm9aUQ
Collision for qFjAYYcrPcUaf6JYZ_TFDQ
Collision for Jniokacp_PUOT6t6hO9a_Q
Collision for oVB18QV6pxpzoR2Ey6cJiw
Collision for Yv_s0UVT-0qVOLOT7eg04Q
Collision for h8v1Y2pqDIWkZ7wwYGsjxQ
Collision for HtgIrqNuC19mZep3webZIg
Collision for voc1wOV_uqFelce9gi-2Kg
Collision for oUXSTG1rCNux0FihByPskw
Collision for Xm5ZHqsoniNkLPKBtgh8kA
Collision for jtrzoQ0FjzSeNi2OnqZmeg
Collision for Gqwm8shQrKeajJj0eAGAgw
Collision for uw-1RHz2dXVEOaqon7ltew
Collision for kVnjkP4IB5mt6wlBflPd6g
Collision for k0l-hcSAfybqRTCUcqnpOw
Collision for C9BJ7hRSizWgGS6GbFjVYw
Collision for E5PhOPHdquQdvF8brxObxQ
Collision for -0EHyQtRONw804kQXp9CxA
Collision for KaU-1ECQZwBxIb3Q03uSsA
Collision for cEbL2vyC5cqIA-6JNQISUg
Collision for PcH3CIh5u9GGsfgJjm5ejg
Collision for 1FXMzZBVE-kEt2pEi-0jTg
Collision for S0_Bd4dgMvLXqaIsEyp5cw
Collision for UVHzgDJ6PrGqMCfpTBo-dg
Collision for aNQ2C63RrG-BvsE47IaGWQ
Collision for TnGOTRE9pymODP3j0tyvDw
Collision for FYTDO6DIvRKLtmsyAmRBAQ
Collision for dHod-XjwX5M7XLfT_7uEWg
Collision for u8vK5m1vuyaXsJOrA1zmRg
Collision for Q2gHKq46Sz_xtHA5ASW7Hg
Collision for IEmt36_8aEbS4Ku_pK6zKw
Collision for Ga_s_pmLBByKMJBvDlTUtw
Collision for 9WofTd5b4pmUzp1ePlXNwQ
Collision for lj8QElvXjLxLTQg3oi0Q-Q
Collision for p19wTQ6bnJoamX5LXedVkQ
Collision for hJMUYIC7ivkDGC9BZQWiHQ
Collision for 3MdsNW34fYm15AJ6umgaog
Collision for rtDINHGmx-f6AuN-1hZipg
Collision for Zoc7BgXyfn9X0vR_XWcd4A
Collision for WaijfXCBochgmthwFlr0Ow
Collision for 3ryhesabGGI0EP2lkB29Tg
Collision for Jr7YJ5HDviqgzg4ixirVgg
Collision for kZF7hGHYpMqRd01gMzhSuw
Collision for nT_CgvhFv8arlKAlCcf3Fw
Collision for lBLfDi-fQh4fclurjdcqCQ
Collision for 2DTZpS82GYEy6LHZK2XjDg
Collision for AyZu6IZP6vj-sznLuM5TSQ
Collision for uqnxBUnFunGRdrQnR0IsjQ
Collision for 3J0q-8T4a1mfn-ZP809E7w
Collision for HctMZg3i2VSF9fZj7WCZKg
Collision for S56RcirqDdDQhYwinb01bA
Collision for M4YHVHcK37NPYd3Jc8pc3g
Collision for 464fvBwh2BiN6a0ZQnxaJg
Collision for Qca7IQ7TvTb6S_R4gkLHaA
Collision for ThYgJ3fJ8mjE7IMtF3hz7A
Collision for 5Sg5z5dOj4QdpeT0Q1YKCw
Collision for toup2YgwOfw817R9d5Hs7w
Collision for 4ICE9RHLefffcPUfEgMU7Q
Collision for UhvJmuwa3PdMqipAyt_Xtg
Collision for KnzERVFs8qdjUKisxWDxDQ
Collision for tOTdIwYtmfrAVz5SKgL_1Q
Collision for AIV0iU_2u38iqYMaQciJpw
Collision for 2KHBO5cHx-QJzE9TjSwPBw
Collision for d7Q6BAtd7TURo5FPtINhwQ
Collision for 60k5Qr3WJG0JTbkrDgyc4Q
Collision for mLRfIM8nlKrP6mEVtqC2aw
Collision for pVuwPyXuEZi2SMQ8MMtkiQ
Collision for MKQddIirqa0tjU5BVU3Opg
Collision for uSdYFMzQOqnvwijn4gjAkQ
Collision for 55Xw9ZzxsspG7OTrR6ZdKQ
Collision for jXo34mQS2NbBK0FYs48qAg
Collision for TynjKBokjpll541NpTeEfw
Collision for 46UGBlaNCRfVLVcSp0sUtw
Collision for BMoigxmzsMhZIJwrfvazoQ
Collision for tuq5OGH6727NGMAR2nP1KA
Collision for oeaFkFFD8Ce4vFKX5qO2Mw
Collision for oeWBE-FTyVpOXR3sZANdWQ
Collision for p-l-FHFJ_381wcz34z6UeA
Collision for aCY6IWgtUatC3EZcYtbJgg
Collision for Vs4xnZ44x4Xid6pPwm6g5w
Collision for ZmdHHAsP4gcXkgY1wpiNMg
Collision for sD7OcQ1UVGydWdajSAmu-Q
Collision for N62vn2bBod2HTMDNchwOkg
Collision for SDzLZAtr_KQJWcwyS0VeuA
Collision for fYzv1GgFr3DmWJ8kOVEEAA
Collision for HwMBnIuOED8gl7s1xTYdkQ
Collision for wQ8yG1ZXg3zsvoMKpYM7UA
Collision for RoYyuCjQ-AkDkVY9Klez_Q
Collision for jXBdANgQL-570atbLxxU6A
Collision for AdlyxUKEWLvqIKpgIkEzrg
Collision for thQd0upKsHpkS8k3Q_FPag
Collision for yJrDDL85kDtBhJXnABzLKQ
Collision for 0tEuzkhef_LjvGQHv7VTsQ
Collision for 7nIsorIyZg3cOpPmAGh-AQ
Collision for DJ48ZENBH0vO3fWIBNvdBg
Collision for vVjdFlzuYGJP2I5PHysZKg
Collision for Swtu7_Iga6H_Ukw5bC8Mjw
Collision for ET4JZezTpNcLoq0VmejTXw
Collision for HGtOH9gJMgc4MptuF0O7AA
Collision for FQ2GdxYBhGcAVMYiN6pqCw
Collision for yi7RFRcad0ukV2NXKej6Zw
Collision for WOpvC-hzPkiIZq1hTQmFAA
Collision for YI0hqBCoh5bkq_qBzox6Yg
Collision for y15PFw5QJUOBAFkCiXRiHg
Collision for tDGTIstdCyOJfvW_SeoidQ
Collision for KifOqtY4o1rexDOl58Kexw
Collision for Ncfz_O2_eP5zwzczCu5C6w
Collision for kMAqD_y8HPrLUuuFMrFC_A
Collision for S1gBVV8eRIOoEsdcBnQM6g
Collision for P9f4YqgV6KIkLTIHGfvq1A
Collision for liR_K6uPxgNXGHFXkOFhTg
Collision for nAYTLTdESA6xWDdGipXo5g
Collision for Lfn_IyCi-UP9IyvXJjFkzg
Collision for qoRixp8KmYsgT1GLdqpNwA
Collision for U77KfywjA1I4W1imzOIwGQ
Collision for HACF_lZ7lGwhJpk0JI1HhQ
Collision for J6rUR0aTuyvSZaRRD5EcNQ
Collision for nhkhhitWGJMhlSFUTPajJw
Collision for jZ9Snl4hd506wfGjkBuEDw
Collision for upsi8UPWhJ4cR5ZmNEZI8Q
Collision for 5Dx75kXmut1TfShPsHTKeA
Collision for jCIgzNGP48yufqyf9ISLlg
Collision for NsEeaQKYd2W7kRY7mFD6dA
Collision for A-sKTu5YNBlBcdqrCyxCGA
Collision for BEZkYK3tvuTjho5vaWrVig
Collision for zZLQzY3UzWhxuctpqFULKA
Collision for Osx3-S8O_rgly_VX0boUwQ
Collision for nfJnLXa8mN_-SJoIqPLdxA
Collision for kD0KlnhCO3CsFKoZlD7xVA
Collision for _IHa03ybPmL9XBufzX2X4w
Collision for jICO0hH1K_0vQApixGV8Qg
Collision for -yv4wOUJ1UAD5OatgbCn_A
Collision for 7ToMQgPKuHh6X_5JrvKTLg
Collision for GojLE7yHINfTO3rEcSbvmw
Collision for LfIgWVF7Aq2uM3kO4i4QfA
Collision for 2XKj6Doi0A_o0xLpnT8pZQ
Collision for olkSZx8sxNNCDOeFK0C8ww
Collision for Ef2YqF26qckAWDcBcqkIvA
Collision for jJI42OvNlaKXxBo8me-Qdg
Collision for WDc-86_QOOJFJTZ27yKhJg
Collision for g87Xll-XAaFt2UXgR6zxIg
Collision for izcjYBxl-ohw6eG8ShVLhA
Collision for BuFS__dKuMpS7fuTl2wQtg
Collision for bHZh1HboxprU4HYe7ln8Vg
Collision for RiCHybvJ8LuVwLJmJHFedw
Collision for tLoa5vRAkXthFDzmKQBJpg
Collision for MlHOiaJCcmL5ewEVJCWEKg
Collision for AMbsAZNDiIXgiHn1PF073A
Collision for IJJTnnkMjN3n2qMSCcGvJg
Collision for HherBllwzonnkjV7TbsNQw
Collision for Rc1UTp-i0vuC9a2gzFIUHg
Collision for 7BWia_-k5ea4sV7zmsM1KQ
Collision for c7T475edbycNiCDf45w8SQ
Collision for fmc8aQFT29wBJXab2EJwIw
Collision for 4vtehcCCslvqa3KbzjvOlg
Collision for 7YUfnwUL5dVWivVEqVWcTA
Collision for iSbn2Di0VQyfsRCYmxUzYw
Collision for dCTGyDvZhZbDEYn_Xd8KrA
Collision for ZhazIfPBEwW9me1GeeD0Sg
Collision for 2DWc7iKI_MF2p8bGYklszg
Collision for 5TL3OctOn9kRoV0FudIk8g
Collision for JjlepfPT_ubOVA5HU37dXA
Collision for 8bFVLkojFk7f84l5xNXMdQ
Collision for RnXbxtd84TvI0h-iOw4a1w
Collision for 10AHju5oiZLQKflAce0DbA
Collision for VcVrv4bBdL8zjjyu8KEXBg
Collision for J7Zo41aHhk2FPigbD-hGaA
Collision for fuyPAiZjaaz6L5Vkv3527A
Collision for C2iWN5mVaaKe0oOcNwLqLA
Collision for RVuHEfUWqWo3-T8egU8Tcg
Collision for 49hSlfIlsKIN6rM5Q5BIYQ
Collision for i12PYQ0EAA8YXTT9hXzetQ
Collision for y6s1X3JAUS9xIE0TgEN_hQ
Collision for tLfmaqpxtLUPkSKfWi5aZQ
Collision for w7ChNWB4aMPjpkfmiJVDxg
Collision for ZU7T_YWI1GnawXJLpx0xTw
Collision for zE1gbBmmePgZ9SQTe9UYNQ
Collision for YL-FyTSpgUjQsAUeeFjcpQ
Collision for fda3E4oJDClyyRfsj_94aw
Collision for RA-Z3zQd5z3tR4zrkzzMoA
Collision for entbgL9gBicmXkq2DQR5OA
Collision for jAb6cHA5nnKTlh93U5Fmww
Collision for lLynDStxfULhMFkZIlI6ng
Collision for wNx9maW_t5u3Lm-oNf97Hg
Collision for ZCBbTlcV4fh6wERyAJtLyg
Collision for d_tnWDPruRbPnszT7wtkBw
Collision for _Q8th2B7uAF7Gdh8cyW2tQ
Collision for RfWbheRJq_TDPzBGYvzJcw
Collision for EmcL4s2fyO5TdOJtpWgFoQ
Collision for PoD6IV4N6pWQuwijsqyZHA
Collision for agO2X09TZjIj-wx9sSHnvw
Collision for 1cvD0r_D5VmsVQEtYJ4jCA
Collision for QcPL_Gjt9r6mGf3vDd-CtQ
Collision for xnm8RfrGG_Im_twMQMlMSQ
Collision for 1d-oEzgRE5-kajyR1_4x1A
Collision for QU4j-saZbAR1dA4XmB0WhQ
Collision for Eaxc9nT3m8QM8gEogVmWNQ
Collision for Wtc0rPrMuHyCeleh-mnMKg
Collision for 0PFB54A20hKr8JGt4v94Uw
Collision for 5eQAKAaphMj5AFUdK7KfKA
Collision for G5Jp42joY269fD5AO7EgFg
Collision for PiyBgHCyk7XSk2Y_W5vuxQ
Collision for 9dYPK5Mzzfs1yceIGpLeuw
Collision for EHobrUYfJ2m4Bmcl3MIyPA
Collision for gsJJXKHiS-o27zuE9sRYfg
Collision for 0kwwLX3Pk8UoWVbLsBT1fA
Collision for WSkRX3I9hWqSJ5iu8wBVAg
Collision for OofdLjlWFPXxzqm7trJlxw
Collision for BXS6tmK1zJgSoVumneBFgg
Collision for tKSlzGCCuogG7mqaO_9iag
Collision for POZMi07G_E4B-p4LWbEjuQ
Collision for HD2h_MY7Npn-jc2t8gISOQ
Collision for XEBGkJ4CKxaNWZ0blXGV9g
Collision for 3ezt1RBgxesa_I45lNsHUA
Collision for dvUb3B6XtnA2QpkNPWrp9Q
Collision for YCNqsUj9se57ZaRVmzedsA
Collision for vq_XZ5gwlgKKAYKaYZrZpw
Collision for Qcxo1uzkTZarthASpkUQDg
Collision for XQavAOv0fAbnAc6IMqNdlg
Collision for s2PDMbZDz4ze1KOQhT3kSQ
Collision for eW6YmzBgiIgxbYjVvBqoCw
Collision for JlEZ-nk8a5KGImBO9EdHmg
Collision for D-kxtUfuFpOUPv590-7V1Q
Collision for CYy04Q0Cku3iVg1XEeZTrA
Collision for GOICs9TRcqvBP-d_V1dWfw
Collision for qpiin1zcS0NXCrUffFI8KQ
Collision for -P39VsLDgrfbHDtIwDbJWg
Collision for QTmnzde_l2lAk2zE8KGdLA
Collision for USLE3MEM9nZa1yxgKfEIxA
Collision for D-d-_da0nmLZK__Ly4JsKg
Collision for nMXcfnsWCIm3E6IUrTYXmw
Collision for ROaOnzzLwShAO2BHmSj4MA
Collision for Kz_HFUIRzDhcc9XcvGeyDw
Collision for eaCUdD3AOcnLbfNO8J0ESw
Collision for UW-vhBiKc1QAVkatDQ4K_A
Collision for -27nXbHKnwMUdb6MkJQT0Q
Collision for lCNlOPGC0c0f5x-3cMs-2Q
Collision for 7zUtNLC_jmRY1FIXS9SNAw
Collision for w0e5zugK2NhsLFEMaGEiQw
Collision for GOICs9TRcqvBP-d_V1dWfw
Collision for D_IoiBW7k2WWR4A0zc5hsQ
Collision for 4oLkCYeHM_WkaYTjmfQjWQ
Collision for oYY0a8eWqUSFL9vRdUM2yA
Collision for S3yVTOUafiOsXZFs_A5kFQ
Collision for PEy5PN8RO1s5yYXPCVvG9Q
Collision for NonWji3LKV7T97LpeJW6Pw
Collision for q6NpbmZRQE6_KZXiXaUI6A
Collision for rkbJxi0V4zRjilHjnOJrVw
Collision for TYj45i_xqp4MnqAb34133Q
Collision for ofGe_b2W-TjRFhgFtasj_g
Collision for O1hVF8h1fy6GP_ljuOG4Uw
Collision for VHupuu5nfdXY-4kE1qWZZw
Collision for Kj8MX8xuuz0I8OnDeaWr_w
Collision for dFiwRcnSAcshBiFscl1urg
Collision for To647uZL4h2IUn5223okEQ
Collision for dgBGD5uMpEqbVYUFdVSR3Q
Collision for oZUkz3N5Op04k65fvw4r_w
Collision for 1DYAubxog_lSXx5hgfEkcQ
Collision for pgymuloMOGi7YmA8zglO0w
Collision for cVwP7c3uqK5NmUIN5H9TjQ
Collision for E1EhSa1KPobaOt1HXZbYVA
Collision for xN4yEuizrec3eidbppJYsQ
Collision for F6dsxZcuOsz0otyx-gF64w
Collision for Jx3lWr_lfOeWfcH2CZKTaA
Collision for hFMPVbIvBF2C0EwxTfimoQ
Collision for KqvdIPUr88aid3OUUIsN0Q
Collision for 9flLUmNRhyh4CEFaqHjkxw
Collision for 7u8XtHsO1WEsFNod5Ojzlw
Collision for YWqmVaiHhrupXy2_Mj_S1Q
Collision for 6uu2Vat4mJnxy-2apwPuQg
Collision for f8yqhwCuqzDclgMMQPkKwQ
Collision for wKFpjhB4DmQhsCz1b2575w
Collision for Y-GQp2TLTf358hql0Xg5vQ
Collision for whRsbrfz7w8zGTd1Ipbkdg
Collision for JjMufDNWvMZ43t4oR2ac2g
Collision for I9Qwlz04Yvk5KEOh8Y34eA
Collision for m7iUYWcCU1JtL0Q_-BkB4Q
Collision for wvJwLmwBcXny0em-apEDQA
Collision for 9zRJSFgzu9aPctCqaYS1mg
Collision for KZIuT7GIwnnwXKUiDrCQsw
Collision for 7KYC9sDzt3O8b4Q2T6Fm6g
Collision for 63Yd982o3I8kGUoft8tysQ
Collision for D8_fSEG4j5fxI0GavSvOaA
Collision for bFvxxoIeQNUgOwIxkYG4OQ
Collision for 0h43AjXo5lxo8O6J28I67w
Collision for 7pChxvqI8LZxbiHHQUT02Q
Collision for 5ie8ShvpYgMRxWZjpWcMEQ
Collision for x8e0GiY5S_n1QEj3iHeZcg
Collision for pHLFY83kQGePZwR8MsggeA
Collision for Ilan8wPMBPpsGXK2UfaImA
Collision for zDobMA-FkmdG-CO7yaEykw
Collision for Xl90nZfRxyUxk9IDZCk1dQ
Collision for MVMqJw9tTWSaofQ94-NX3g
Collision for ud5r1YQH9R1xbyubPnS0Jg
Collision for z0bS9mApa2wLa1wOTPjsfQ
Collision for ALAw07wKezRThGwNguKgWA
Collision for Zwen2SboZmf3q4tM8yZbPw
Collision for MPMaP_qNj0X6FYt-lh9U7w
Collision for F9HX0PSySvukGQ4ZLJpIHA
Collision for m-4yfgebGtygD7CJSXYsfg
Collision for FpAuEzB0r9CWJblQk-Pk4A
Collision for aKqsdoPHre2KHHiPGuvoXg
Collision for _AFsUc27x9kB2b_-tz7Flw
Collision for eYegY2EgH-jdGGjIa5TViA
Collision for pepMsOLRuJM_61mh7FjMEA
Collision for vSDedHgSSLvKh_IbZ7jvxA
Collision for x5oDw6MV5xa0WDhbg7qNKw
Collision for BMNdf9Vx59C69iglFFkfFw
Collision for GYNo_IS15cKDF72aRPyQxg
Collision for w5_Q5T7iUna4Vfat0k_wuw
Collision for A2wRyRleoOMQGSlJcMb2OA
Collision for bDttwJltijxAmgsxJz7NtQ
Collision for ncugGbld8YkYWUoed9THGA
Collision for BATJSlg0mMGstDeN7Yh3iA
Collision for Xu-7lGR38iNTtJ0jSmqGXw
Collision for XdMJXJlKyEt6VQ0_aq1_4g
Collision for m6ZFX7UaEJhfy5KgXyDXsQ
Collision for 7nXFhXgkEYvsricQGS9huA
Collision for kze91k8NQEgwQE-qwprw6w
Collision for CfMzjo6zBqUbQX09eRgj5g
Collision for WZHT5EM1QWTNz4hSCHMIhw
Collision for ge3UwlAZbBPL_CfH_gDL5Q
Collision for MCodZn_OWF4tt8IJA3icLA
Collision for RroS8_YxbJtVKFJNXxmvaA
Collision for IRT7OvBLZmRoYPbxmO9z6Q
Collision for Wi73ec-eeE3zdI3l0v3lAg
Collision for v95xwmcxgwTCdsHcYXEKWg
Collision for dLgV0WYsihEleMJo6-BKxg
Collision for LhsHwVFkVU0bFsKGdPpOtg
Collision for 5EOgCfVAg2mvha30twztdQ
Collision for Kiwyq0zm2IGChvD73oaU_A
Collision for 9tQZMciZukaMgUswBP6g3g
Collision for AfAhrQes3HBkDWfGxUjr5Q
Collision for 1n64vHNuKmYjRoDYKRJtuA
Collision for Uynog9tyll355c5A9byZ9w
Collision for VUkaG3sURlq0UwW6Sp7mvw
Collision for HKvVk4mYrc4eya4ZPGnsKQ
Collision for Sg-Qa0tcsH72dvD-hb7Axw
Collision for PiOWrjKo-DhYQ3an_LzTRw
Collision for oPCY_-y9nrjjie6wx9wD7w
Collision for OwMVSYRjk8p3bFS5OEpQvQ
Collision for CdtVNqPUB8PdEHQbb5TsUQ
Collision for GYcNfmpv0dZK0zHLEZJM6Q
Collision for RwUVEbRWX84qIELkpVH29w
Collision for jInGJ5M9r0pq3jlxZ7-zpQ
Collision for KLNcylOikYSuXKhlIs6dmg
Collision for qOff7AyDw4Hogn7R3TAYuA
Collision for deXrhUCv2A4NalRoGMIyIg
Collision for _vpUpTsWGi4p6LPYdKHMSQ
Collision for tfZMLKd1SfFnO6wguwtYjA
Collision for 78iVfbOyKt4zwOcwc8LYoQ
Collision for leRtCt3GbzplI5DIqG0WGg
Collision for fGmJzpd8PykQ1GeVfztwdg
Collision for ayq-XmSwZV02rE7nZGNZiQ
Collision for vAC7fk7zt-qquZtUE_ju_w
Collision for dCu2GUrTJju1-add2QDDrA
Collision for 4QsgEBn2gojUB7JV98IENA
Collision for Klyf7rK8otbnNDtjwjRMmQ
Collision for kYzSa-R5chbSs1VKuS8lVA
Collision for yJo3DUTNRUDfaX47mfBHlg
Collision for cO-dgjSrRLxTITji1UA8Pg
Collision for Qkhx6_DHS8Qihd65Ug0EXg
Collision for DM1aUjWfu4YOpWFCK1mNUw
Collision for ownxJ2saz_LDSSWzjZwinQ
Collision for 5zMBC62iLpIjXX_WYnzYTQ
Collision for YfHW5-rkaDcTRxMVe1QFJg
Collision for EN88l_3WUC8ThFxiEvknng
Collision for qPZe1YHMe8QRSByl5Og84g
Collision for QChtFQblCNRA20Qc1ZLMXA
Collision for lndv-UlBTDN80wawAwSVxQ
Collision for KczLekiJsuBSfL6lqgL1gQ
Collision for -fwxrpWLVcpbsWmI7ddRkw
Collision for Nj1Nr1wrgfIyq9qTjSMpLw
Collision for -tn3LB5oCd0HgroZ_uQc6w
Collision for vYBICEMPPy1wJb3TcENVEg
Collision for QPewu3MMcd4UFUwRQPb0NQ
Collision for Ybp7bEz7OdmjJUUz2OOFYg
Collision for bgCkCO-B5G2z2TExuGlvCg
Collision for 0qXteEoJLUhoEFRwmJYd1Q
Collision for E12l_nrTDbFqSpWJ0Htj_g
Collision for eJ6QAQLMvzq2m-7MgfGPVQ
Collision for yh5r7sNHiNYcyf-HdXHvaw
Collision for bj-AB-eZ5L9H8YvEKETQrg
Collision for bTnfTbfheIEWb9D2N9If3A
Collision for f9vqPrtcPjHZ2XQTjztMBQ
Collision for M-OWWtB4XMzBimkNwZ2S8g
Collision for nu9Epg9W4K2KikfYjSvqUw
Collision for 5dLOAvCTV7i9DpzYcXsfqg
Collision for vu6DV-dbtZWlyrJ1qlKNPQ
Collision for 42-ctcoiD9MtbAn2GgYI6g
Collision for 6Emcr_m_bQvU5N2K8I8C_Q
Collision for bQkXFyw10QzOmj-LnfsCEA
Collision for Q27iXHKM-7kvS6rlcD-ViQ
Collision for IbqQBIZnoYikW844nMpKZA
Collision for id_XE5IguGcRIDxxj2mO2A
Collision for oO9Gnhi-rCDEBM3l1TSAkA
Collision for MqYJELH-ptP3vPs_nmtTRA
Collision for MU72Wf3nPciWTDTHTHb5Kg
Collision for 3pDwgcJIwGb5SkcxULEDNA
Collision for xrWQg_ncmHawDIqvfWqNBA
Collision for aGfZZKN2kVJgsv3QJ0CvVg
Collision for vBpD5krPfNGdc_kYpkKeiA
Collision for 60JKxAftHB-N4FFEA5BJXQ
Collision for dbHaJfVf4dUgwS0_vI48OQ
Collision for u0i1YEVxKx_hOWxPGOnOJA
Collision for sdJB244EwRtftVAIx1lSGw
Collision for 4IWfa2rQxN_IDRaJyDWSmw
Collision for 8Nde48Q4fy6ZbrgUYXkQwQ
Collision for USAX0LuFnRYTJMKXh88ltw
Collision for uYXnZA9ZsLYX-Zovc6495Q
Collision for Xam-8CbkgP7ZNOAuuf12tg
Collision for 8MF8kwLHj5iHyFDN0qKoLg
Collision for AgB_isFuDiGOu0P033qKoA
Collision for GG1SEW0Uj1T6nyJsfRNkEA
Collision for 0WhwF2mbvhKRhGywDoD6Vg
Collision for -oPinwtF1l5YfQVSjftjgA
Collision for BNGd0tU-s4_H66vJ71BS8A
Collision for zV-oN6aYkmvUVRMLaxq2Cw
Collision for nuBdNKK3oFiPMCiv5zpZoA
Collision for uyHRA49lV3qojsEwH55PHQ
Collision for meqKaHo4Ja3WjqvBQy3jkQ
Collision for zJuruNVw0xCv7p9RnxtK-Q
Collision for Vtsl4FOFZNwm-H99pOhWeA
Collision for pgRkmSN83_Q5AuVmh5oE9Q
Collision for xwvH2ttkDQlT7ygAsLVNGQ
Collision for IGjyk31t6oSAi-6LZatmSw
Collision for mWJG8x1ZfTWPj_wyb_Cf_Q
Collision for Oj4b2Em2zFukoQWpdIOKlA
Collision for _q00jIN5V3vuIb-2VU9tnw
Collision for bzhPiq5N9YkBCthLmDGucw
Collision for dR7V9hvHSXbbPwzlAtMxMw
Collision for skq6dmRiOxw14q0y7ajKWA
Collision for gn6u8U58vOAE07ubnLTuXQ
Collision for IPwGzeKlj07s359FN6gMig
Collision for MgAwax87YKlI1KE3O_Gc4w
Collision for aMNR4Q-E95xShVMOjgV_7g
Collision for wC7Twe_KMlBNisew7P34sA
Collision for 8J7jVJlogr-qum8KbnxaeA
Collision for D-2dQRNunjy-iJOwHYsQRg
Collision for _EHOMgPEvmNn5For3u9t3Q
Collision for b1-DDt0StcOq92MuTLXOvQ
Collision for 3nBNXnsZBW5HymoRX-M4GA
Collision for mjH9ueMEbiVC3ePgA4wHAg
Collision for fNB5wE4uPtW_5k14ejTW3w
Collision for A2UsNaygLWYyIlkY_DKckQ
Collision for YqRp2FCBWLpI4-HEWOCD1A
Collision for 0EW2ONItrU2yzQpQFWn9mA
Collision for ISJv1a6t_r8H3OTt_6xetA
Collision for _bAoJIgEGPGEV9aHej_ICQ
Collision for Tst72oS6OrFsOFwKgHuOEA
Collision for ZcDXyLMmbxRQdpj5LiX4ug
Collision for iKEMpFBaScM5qH5cHGoqyw
Collision for gVx8Ljr50g4Y0VF1I44ubw
Collision for qwl9cw1OdsRF2kPJmqOwhw
Collision for ViPw2s7OntvMA2h2NjlPYw
Collision for 3aKg7JMZ3y8r5YuFZ9g0zg
Collision for xMRUi2XvoXPjuEE0tJRalw
Collision for 4Izsaa0CWy1QfPrJjCRoTQ
Collision for KRnHeCxTTId2mfTXQ4jCcg
Collision for cagKcZdeoNTpu8OzOyiVpA
Collision for hQGPQ9edp0C27BAk4BH2mw
Collision for 9edlmyXamqd-dBOKoQqdwg
Collision for UP5-XLKsBwE__YnCFUztCg
Collision for NCHPH75X-MmlboI6hA4r2w
Collision for kYoMvupbkB-VEr8QZH22AQ
Collision for 34vMgNIBE7tRmEdbcqOlrg
Collision for v57fXRjmTKQvujhBA3dDTA
Collision for CmGMYoxzfyKRZ-tdrPXIjw
Collision for SFFhr7Df9v7DOrQkiTDdqQ
Collision for wUPkmphyeOf98JhheDXb5Q
Collision for YfmcvVdy4L4A78LHi90-0Q
Collision for HO9KPRs8JfPWhxEYaNgFRw
Collision for 3ieOVGc_878dR8G7tYrXzA
Collision for LPOOSbzvAgaMs4iirn_Tlg
Collision for 4L6RCPekiXSKdzA2U5BEkg
Collision for cyPUtZH8dqKo8JasgoUHZQ
Collision for yQ9aNOB-HWYYKDr1a_Smgw
Collision for MKfVec2IT37PO0f39VAflQ
Collision for 855qCAeTBKr_trgsOfAR7A
Collision for GXEub2cPklR4MyWQh3jGtw
Collision for wznaUK9IhjM-twsYhi4YEA
Collision for 315NpRcLa5I22GTagOAh3Q
Collision for Ja6DrowAhnegiHXQ1GD2aQ
Collision for k0Dzc81xEx2CgKUowpQnDA
Collision for -EH4dfzM8kCMQTqnlc0ZJA
Collision for WPOcIL9zpTzKLn_YUZ8Vag
Collision for RVSdbgISg18gqarVTFbNgg
Collision for Miz2BqdW19CZ62maFXEcKA
Collision for 9BrubBRaydH9GYi-Y0d7pg
Collision for TGRGsCfl3UkVkDRje4oTlQ
Collision for feKO-wFMryYBNldTdjVGtQ
Collision for FsUHdd9AJPk2a8Y1Q9I-iw
Collision for uVg8mNVf00rxDsUcFTbI1A
Collision for uvi1VwZetym0m_ez5OqGoQ
Collision for 6Mb3vyVW2G9vnw5EU7d0Dg
Collision for kHMX5NvzR6-F3sUF3HvmDw
Collision for 50tFw_-KLc1xPFMJ8VCl0A
Collision for feJWWAYPS1GvU9pOsyatlw
Collision for i85ZhT8Rr0SmQK6NDi_Csw
Collision for DnWU2Qg6rcSsWhY4CEOy7g
Collision for m6-leQojwJI0erszFng-cQ
Collision for DghCXzTjJf05bJLbdWyhZg
Collision for lAEFcu_IUC_5CoZRp6abdg
Collision for 7cmfiZmFOgHmlrhZL7QBHg
Collision for tBJ6M_GGfiqWyeYvsQnJsQ
Collision for QEvtfXbI9AyIZOzXTEXVxw
Collision for GnvtnHQNib69edlzMrQBYA
Collision for eXv9efc6LAUzEFbW_xUcbw
Collision for XSKSxIUpHraHp1TI5sNLUQ
Collision for jGX7TKLmmVlDrk5KVm12aQ
Collision for YAlAfawQIRgcqwiHoPDQFA
Collision for xhR4uf5SMQ0y572LBGrtBA
Collision for 1xSy__zt01xKqNFUUwhL9w
Collision for qkZ6CrFlQ_l-R0lWVsmR9g
Collision for DAuYi2u2wbtI_9l6xbb2Rg
Collision for KFTxAyIPS7oWpTHy48w0cA
Collision for zwF1QN4otWZsOmW649JssQ
Collision for SI7Z_fr7vJ6SPO6kzOPznA
Collision for zYSSyWkpj94Ujkqt7MR44g
Collision for snMKhyjhcJdZrs8YyK-zwQ
Collision for 8hEvZYtuSD_GutplLFrKoQ
Collision for W3xAgWtFO2idUS8tLrba5g
Collision for dw2Q49WImAaYXVwom9y2-w
Collision for EvvpGJCUpqwtbUNKrblKqQ
Collision for qVoK6-3bxTidlxzmYnq5mw
Collision for gf3M9KNkssi1I8UkzX_F3w
Collision for zcTlkcFe4BjNle39f1-bPg
Collision for 1xC1HoiQbdvTcOB0KmH3Ig
Collision for wzeLhY_jYYc09GXIRW2M5w
Collision for 4qbOSJQgNMo_LZeYgEbdzg
Collision for GUBfTlAIF3EEhUxYCBMmlw
Collision for S146zj7qZYokxTu-oRlDAg
Collision for LqqZv9XOYFTBNwESHLWo4A
Collision for DGfqx02WQNVFCCgBOqBNCg
Collision for 6rTUz0uvqRYsD06uuWEleA
Collision for h81BSLN0tEpcH0RopC7Hbg
Collision for dwFCJ3JoocE0h3c9STz-_A
Collision for GO3l_yk4lFaIk8QZFLt3CA
Collision for guxPWkEstOiZqnfttftlsA
Collision for MdEsDiuezOVVP17N_qV7mQ
Collision for GWGEhPzSg_k38bHb1EJCZA
Collision for PRkzN2IBbWesPPdeDlsazQ
Collision for _4K7RmcD6aA42AVQL8xHfg
Collision for xHjcqUItquX2IFJbxwksng
Collision for 8kbNgegq0M0nk9N0wB6nTw
Collision for VGYh2i879EWs6cBwpRStCQ
Collision for QlNxzaYaV0E2eFaqBK75VQ
Collision for 3qpSUZrlwLBC66_66hf55Q
Collision for Wiwbv1Xyf9mZ3GwT5uiOcA
Collision for Sq0kpKqn3z6jAT95Xx8Msw
Collision for t7VHxRgt_X3OnKDF3RrQ6Q
Collision for v8oefeAkvIrueg6aFF0Axw
Collision for JKfhC6CNu-IbAAzl4UU9Ig
Collision for IXugbkJlMzbjD-sveLcX-A
Collision for kDfxhY9wVT6sAYX91M09aw
Collision for FTCC-XsV2FFraGDQPvzHFg
Collision for Ox9DRVjB4p5vBkT_VvsHrA
Collision for pXE1j6T9oeD7Fbq_kHSr0Q
Collision for DuJZN3X_u6cizsCmbH999Q
Collision for nUlC8r9hI7BMOma1hDiaxw
Collision for jN9gVKBvoKUJgWfVHijxHA
Collision for 6qcF5YUQLhbKZrujE6qZOw
Collision for l4jhQt9o32-_CnPuWRUZew
Collision for IvmkvyGQU2xF5TYZ3ievHQ
Collision for rsD1Ool5sfE2uaVe2YQcWQ
Collision for GzNFRLNpVyiEbRzjEY3Vlw
Collision for lmH7pQBbw2RHYPpkShq3lA
Collision for 126pgKbrg-9vE9aKkh6EBQ
Collision for 7wbMPMod1ZXZdVVmPlqSNQ
Collision for FuvrI5odCFYOKSVghF23WQ
Collision for kiaj0AQJKA7by8pqqO7vHQ
Collision for tXFDYWjCTKUxkn8HuiNFcg
Collision for eUOtlrkpO4Pft9Yuzuafwg
Collision for uelVuw42y_-Z0YqtpRU7OA
Collision for 2oUHNRXwQkXctLJwDUYkrw
Collision for LY8mkHZ2APZ5miCTroXFOQ
Collision for b-9ZwIH62GG_b4Sal8AfPQ
Collision for iT9d_HeWfyHVPXMbUp4CZA
Collision for 3ssixACzohkZHxLMJpUhYw
Collision for iOIGG9LbVaUIfHpBSF9Hgw
Collision for 7vGsPqV9wPBlAevVLqitJA
Collision for -4pSApQZCarPvB1fXqORMg
Collision for aEhoCxrvtcca-l_A1BPr4g
Collision for IVFfxFY3aXA1vahEdqWa8g
Collision for OP_Ud6utBetRGOHFhkByPw
Collision for 7CU0TNjX9QbwzJFMKwsMlA
Collision for D-UGNHLZa0aYx6fan51YVQ
Collision for mgpVzFJWJ8_dVGStCQPEQw
Collision for etHS5paw79adNlorYxvrGQ
Collision for NkACpdarmI89tF9K4YF0Dg
Collision for AE5s41KifqB40HrQeX5RWg
Collision for cdpAToh2vNrstIYfEgZJCQ
Collision for 6Oa1CeEhW-7q6OkXcHGs_g
Collision for 8pVODC4ZQ9E84caRYv0SFA
Collision for aMQ8Ed-hBCwhm8DuSRQnRg
Collision for 51PvV7-ym3wbmr4bPcO_iQ
Collision for NQNw_RbqTJ9mSgUPZVbIfA
Collision for wVBSbbiBHdk2z1cm9ywwZw
Collision for YSJm8sRRWVr95Gtd0VXB_g
Collision for dk4zNP6AuTHiKXoYNPBoPQ
Collision for Jxpsio_bbW_9h_All_rsiQ
Collision for PjeSJqRKXSdPWUKxOqBwIg
Collision for sCNS9WPl8Zs4WObkyey9EQ
Collision for _AkmFWceBnVXS9Uc7pqPBg
Collision for XzkgQABBiEXRzqlKBihhCw
Collision for uc7bWckvHJ0j1iQwVmIK9w
Collision for UVejjeUKJXKX8IxWU87hQQ
Collision for igT7XWQkpeMWXQl2e8FU7w
Collision for hJTJKu-P6tG0-54gH-T_lw
Collision for 9BFAr5QU-kqcfj49TF_iKw
Collision for Ic5FqftBwDkKrYtUe23jUQ
Collision for S6tBe5_WGx9qqM5Kq7W4JA
Collision for ZxTmFC1s69QT1KpDwn9Rfw
Collision for IRxb2BsF1BdBdr-VtbVhRw
Collision for -ZJQQZc91Ya2Sd4g8LFXrw
Collision for 7Y-ZZrLa2Bjh5_QZi1hm7g
Collision for 16uTTRnGIWhVj9ELIJzOqA
Collision for nG9wNK097EIqDKC9MHINxw
Collision for Csnf13ogM87PfN0w-yuuqQ
Collision for xeULP9gCKNVYs7Hu1_Ml2Q
Collision for WqUiA3T1fnurgt9vEU2wjg
Collision for BjRZGtG4RcGu_6574zrZNw
Collision for AWVpRJyR2aE9qDQo3w04cQ
Collision for WFpVSYmHUieu-XgKdjKkVg
Collision for Sx-mKyQAf1Fy31E9_TbcHg
Collision for 5HF4KrSJZSSQFCMncReuow
Collision for hYYPw3fRE3-o4fxGvtoJyw
Collision for 25uHMLvPsnEIwezSoBM3ow
Collision for 5hRzKjhpYiHlkkKgDrX-Fg
Collision for MF5Kgx3mMv67FSpz0R_F2A
Collision for of4_Mt2UhP1slus0Go1PTg
Collision for n0oL7mPh4DHd-kjGJ5mSAQ
Collision for rIsmi0lUGOjYL7dGBwJo4A
Collision for _COdOn_sHMVyoyh2cAetQw
Collision for byvKG6QlvYV6p54Z03C4Pg
Collision for kuM4Mv-VDH8SL30L4zqqaQ
Collision for idHrtoRs6QDgjWJlIlxq1g
Collision for JPVHlkFO6WUOILtI1e8NBA
Collision for FkuPc4-IbSwvdiBSPfHy3A
Collision for vkO2Hb4TjH81jZjiHUD7YA
Collision for IbY6b1V6ubJ86hTk2BW-KA
Collision for OhL9kDLJDOFu7L3967dbDQ
Collision for WpuTXxkkAbG1HV1GYCLI-Q
Collision for rz-1b_Y1OZ9UIX-H03ABTA
Collision for yC5jgI7EpAOxVVXoEIFR1w
Collision for b_qI1Gic7G0ZKqekbZMjRQ
Collision for QedTeHqXWD32QIZT9ss3mw
Collision for xCFvaqiq64n9g2iYYGnLAA
Collision for 5Lq9Wx09cgSJ8vC3tki3Mw
Collision for aVeivWWjTKpBZEbPY3uTDQ
Collision for bFdIqmIVlr493Gi1cCQmjQ
Collision for p7WUyUNTBtggDwTDmcMq2A
Collision for D8A9y0ZXMrKUxH2C-gHzuA
Collision for H4c1I5KQdubHK9chkFkhbw
Collision for 0yQ4Mz9LeMyGYWX_mCTEFQ
Collision for ULveVFF3cDAGyLlR78fUlQ
Collision for lHCXZTUNy5s6teCGGONC3w
Collision for kM0YN9bXsUU8Vg3EQNaiwQ
Collision for odrS-tnHf570ga-4T0c36Q
Collision for cVKv5mQ_vgczl9ENIG2J5A
Collision for loqYKT-b6th1wLtPNSxsQA
Collision for GifH_wNN8n709n_ketewFQ
Collision for 85sM8rqtFAOnwBt5L0zAiw
Collision for fHPPVTWkzOeDn8YCX6qP9g
Collision for YE269Blh10jjIuyC9mqgBQ
Collision for cJoZyhp-VMm7dvsWt9YFjA
Collision for -T2dTZ2222-Uq5LX4lMUrw
Collision for 0LsImlpu9gmZydUJrYzv2w
Collision for R6U3SZHq9z7LrVb-Q4GIIg
Collision for 0md4IQG3OWRCMTny-g7ntQ
Collision for xzJvPJInH33pInNlKEC_Gg
Collision for 9ehO51UtmVMmgKvE-_kJKA
Collision for Pyigo9uJ9NiZ2OU4JEk9YA
Collision for w6WjPbNM6RkhwjazhWjx0w
Collision for kIpZCQXQO10mF1yUsTJ8Rw
Collision for nEmlRfr4OA4czcnJIl2eoQ
Collision for huM3lIk5m2_-CdrliAf9Fg
Collision for _RlS9IDzKsXcNG7-zcDExA
Collision for AQBWRlbXpLpjKJ4PYKRs7w
Collision for M-lEqN5VRaMK5B5L5EmQiw
Collision for xD6dj1jMVSe8Bh5e2i0geA
Collision for 6ebtSiSHU_FpVfOvXt2Gow
Collision for -Swkk6D7mTVhYv98h9WhPg
Collision for vzRDqqYvKO_Yu7cngrKMhw
Collision for xnsBkbg5CyfsiPhZyIRkMA
Collision for SpexF6MPINPJfQ9sy3EMgg
Collision for 8IIPKWEpIeTX1JazXZeIZw
Collision for pibUT7KJX9zpF18xgXu24w
Collision for nBm2pd8IPa9474Prgq317Q
Collision for PuBWlJdjIPZGtjs9hVu5IQ
Collision for TxCDfN4unQPah7NbEiov2Q
Collision for YlhYWorEFPLrgvOy5vXs-Q
Collision for XqOTirDGR4st-jn4GewbSw
Collision for Hefe5E2lDdgScaw62ch5xg
Collision for 89jmAeNkGgKQlVzctddhcA
Collision for Lfi9w8RAOBcZzvdQIqGYig
Collision for Afsfgh49xf1apftWCbEGqw
Collision for atgUF00lpLAk7ivy3hg4xQ
Collision for 3XkKwgpj1KfrtIkSwlzQhg
Collision for wx38FgTGqkG-pSpNNhlYEw
Collision for ZtDU-ITwLbsPIKRG5y2FWg
Collision for 74j9OQBJ-6af_BsFcHpysg
Collision for rDW6LPb4qMp_P-JFISTPwQ
Collision for SiKkgNG3sT1n3D6LoyK6xA
Collision for v-nKXzehCe6nNnvMn-WDFQ
Collision for BvlxTTfRGhRKc1h4gHBneQ
Collision for F0_ZguDxulFLwDmhPH-sdg
Collision for qiYe0D6iZSRzRjOZDTIdOw
Collision for M0CxcVAP9O94Mk9T8zLTOw
Collision for oblrLTYp4dSWLeKVMcElmg
Collision for T6WUS6AqpcAFBuIKE0CeJA
Collision for ARpvhwHqM_7NLqWdwrBWDA
Collision for fYsyKVw2KUuhJnvXg_xXHA
Collision for yjmBW4NR74Z7l0O8j2tavA
Collision for yKm10RnAbO7s8Lmya80dAw
Collision for 4oPoq_y3UMfy61As19TtpA
Collision for hc6Qj6MtLQSJ511pJCFQ7w
Collision for 7p6KXKUlwAgioI64n2mq6w
Collision for TON6nhBMyqcJV7MUUqUAGg
Collision for PSiQxzCeHb1kDilfuxRFhw
Collision for HefoTqNKyt6NjP3B8-UF-w
Collision for Y3DMXB14WhPWtURl0uGhZw
Collision for fW6-9cY1fKzmKf-uZvJM9w
Collision for HvZt7Ok0CIZBlkSD_dSCqA
Collision for WVwttqE5EUo4t7L3n30kag
Collision for qClJVhtJ5TJlIkMDDllb8A
Collision for uMo4AB41qUzY9hvPX-h7yA
Collision for BXgB6-7-iV1q4UeYPt4Drg
Collision for llzH6MMH78ddHWKWCO7ueQ
Collision for YVZDrRbYi_e-Pb5-qHcP7A
Collision for Zo_dycP2Nv6EO16MbiGE-Q
Collision for zqLBDjEoIaIYkrnaZa2Jmg
Collision for FLT1AfbFpsAt0C5Nu9W_yw
Collision for aq_c2yfu4iD_ldSt6tGPYA
Collision for YNR1CtziqCfGzfatUsTIcg
Collision for ElZ3i1MLsB8Q_I2gptCaSQ
Collision for DGRiyRogQkRPY5qKsNPVkA
Collision for oMeISH4c5ybbZGvCyb01Rg
Collision for qQWQPbBlTtYdiPIxwLWw-A
Collision for 0JXSs7JaEL-w5BrDCneSgg
Collision for J0rzIE5srESH6SqAx8f-uA
Collision for RIwC2AyY4T-tmdLLYtg_Gw
Collision for XNNnQjxI27u2Kv4TEx0ueg
Collision for 7p455PwW6B2r4Wc4u_GLYg
Collision for eRbjFVCE-YHcxoMTTNM7wg
Collision for wdcwQeR9vCf95cR1fFvNjg
Collision for ucBn9FkonmfeTcXwQKFhFQ
Collision for Uy6gvYtLCikinR4kNv1XiQ
Collision for mDIb_CrSuaSlgmat0fGN2w
Collision for w0Yb6IjXfl-os2Wn3Juh6A
Collision for 0vEkyQTB8ZphVH-6MgRCzA
Collision for p6aZtzTpGZo-rHJ9cn52ZA
Collision for lATqYz4LD_qoy3Lot_RSEA
Collision for 5UdBizyOjA1lhdY2qyXNoA
Collision for TavZ7Nm97Kkjq3H4k9Utmg
Collision for NgP5vjI96YIVFe-gHG5npg
Collision for 3V5wOg_FGyg78dG1tliIEQ
Collision for xAIy8tiy6P_JVLAerwuz0Q
Collision for g3E0ygoq5nFLVmBGhF97xw
Collision for APMIcFYLvJiVoMm8Wfd9vw
Collision for RKWOa0y3fHNT_ZSQOmedsA
Collision for 6LmlAhoY50RCIEr28JzHRw
Collision for DwN-tT7TasvhAIYGdxhE_Q
Collision for bk1VLX2J_CfNPgT3bxftHw
Collision for sRQuQ46DXcslvkCODu1GYA
Collision for SEfsB53ieUnlt-uHWsWuTg
Collision for BBD_RSKT3D6Z2th1OVtEFA
Collision for PUZ6OTy_R6F_lxAxVw0F4A
Collision for ZGDB1mJms__u5HILqhMLPA
Collision for gWcs_VT1tP7Fv-jSMy2ERQ
Collision for IKg0rsovwyfaFpnNgvGuZQ
Collision for Ex6-OomkVDPhzAmjtkN5aQ
Collision for DsDkorJlntBSwEJA9UIAiA
Collision for QiDr7CGdGm8KBqI3KxF5Qw
Collision for XSTcbWF43LXByS6JAcSU3g
Collision for QwoHWi6ahJk-ZvuE3tXIdw
Collision for QkUwUyNNnEJRYwHS5OJYTg
Collision for a_WXqKFNLkJ53fAyCMQvPg
Collision for _Q8zC_oF5Yf26tLx05lAcw
Collision for dKckDoSVlMbVljLNkA5IOA
Collision for D0UwMCw1OVDTw9AKQSINWw
Collision for TzlLfP3Sl42uS8uuaAnCug
Collision for R8SCLcynrPCaBYgeZ_hlqQ
Collision for 3YUymDbzTIC18J2vu_u4cA
Collision for hQaiV5UHgOu0Gkj3KxQcjA
Collision for E-dFri_ogSPD5CINeE_V_Q
Collision for CcVp1F0YnoTU0QXKU2_0Dg
Collision for CR5Ju2PUS_d6OMrey1zQ2Q
Collision for z_cWEe3mC2Cm3y_EXFmpng
Collision for VvRR9KIFGi54-ZSaSCebLQ
Collision for E7XlGW5k7tqfqAmIBiaQIA
Collision for pewBDfXrB6vzlfMGJFK5AA
Collision for ZqE34FfbGsr5H8xBMUrD6A
Collision for EAKdX86aHxTh5ca4dZoN_w
Collision for Hy98bip8I7mHcBXAVhnlpA
Collision for zegssgoJ_sFkhm7F6M1ZXw
Collision for rDwO_e0g-LhaGnYyo8c0DQ
Collision for L_Fk6nsG_8QQu1IA-iU0gg
Collision for 0h0dv2ReTYqqRAE3YDvEQw
Collision for cnJB2dR-4rmTOYjTcFE5PA
Collision for rJm3HDLon6i3EsbbbSfKWw
Collision for jNAwWvH2ZxJngulBZ_ToKg
Collision for Xu0lBiD-Xy1nOGl4cY1UwA
Collision for yivsm3emCn3rBclL8JFbig
Collision for _F80rbTVQQ4HBonQsfKy2A
Collision for XBQoOX60aV1fS5ZhuRQUFQ
Collision for TPV_uAZFk77Q1GYrqB0k8Q
Collision for Yh_xDTfmeGE2z9_qamoRvg
Collision for 5MYPi4M_w-5S-SXCAnAzkA
Collision for 1K8Q7_c4Cfn8FTcNHZX6UA
Collision for 7FhTeh9sfD3_UnvRWdYvoA
Collision for gI8pGixzgvRb8fcly4rwig
Collision for 6o-w7tRmwWEVLv3N2_mrjQ
Collision for JreRQ9pN7u_g3bxdiOsOMw
Collision for Km7h6J1KQwS_-MCkLarPgw
Collision for 4Tr9w_W9CLjbUrYKNm-sRA
Collision for 25J5xwvGnVgZFgkSpQDQew
Collision for Z_qnXv1KKMh_5gxbTJmC0Q
Collision for WCD4QzU2W9B7Ykn4T2Hj_A
Collision for 0XRMLTTVohlWEM0h8iTq4w
Collision for TEV4DUWCvCDOuPRqdBCtOA
Collision for RIjhqI-0uiT1bBMlo8wDtg
Collision for I4xKFyDc87shzQZALZKRbg
Collision for zMp0L7J1yClLe10vCyzKoA
Collision for Iob3YE54xoASM6M6h_jqxQ
Collision for uV-jxoi7s6GfB1Tw5jAXeQ
Collision for 7pKIOwyD4CSFPqjLvbL2og
Collision for p6vAkDswHAWmNIRDIOGeOQ
Collision for lZMHWwV3ByvTHd_ECC3mpg
Collision for v4qKPD7OCZgutsRCll2OKA
Collision for K-RMxsB1he6N9-tSuaBq4g
Collision for GbjzkVESiLGbQQoffGX-Cw
Collision for 8zmor1Dx5WtC9VumsgQ5nQ
Collision for 5mUc4JM71kgQXtmZypc1Cg
Collision for MZQwyodNelCxaVOLxfebyQ
Collision for fSGcW_UGtSQ_vP3eSvm-mQ
Collision for 8YQLmCLRfddkwJaWKVS-wg
Collision for 5Tsx9sjozs701sYTgTJZXw
Collision for cZknPyK_nAOKCyAI4BjkoA
Collision for DisRL5xbE4Bt7XtSL9TPMg
Collision for YlLKFkASn69OzmlAzMG1Dg
Collision for exzAtRdDiZXa4k68fUyPWg
Collision for 5euYPMN1z4163moOv7IzPA
Collision for qXPX4OChD57yvUSS0TynYw
Collision for Q3mri-5b0pPSK7ATfcmpyg
Collision for 1W-cQCt3rcfyOwz3UBcJZA
Collision for hRRGeJ0gHfdWjkjx-_pQHQ
Collision for 0vRPrdnCqcO3LEsgrDT-Zg
Collision for qNHPOasSqxP5s2P0EfgEew
Collision for oZkQyeWf2Nw6LnzS30eFAQ
Collision for ZooGKoCujvHXOvLs4HpbgA
Collision for XGdaIPV4sNTQ0vBMlZWbIA
Collision for uVXW89pygLZXI0Q1xEyQYw
Collision for 7LC_-Z5hqVYtmM7JPzIhcA
Collision for regW7hcy1AJX9mR3k5l8Mg
Collision for hY5G79yJp5tnB1c1MMff1A
Collision for NTKKNgx9y5EWw4mAVYKlsA
Collision for KbQcnNr57lh1bu7IfWkmQA
Collision for rsK-LnKFsJ0kxM-Ta7E7Zw
Collision for 3T_CEBjEMp1_1TrDqnAWtQ
Collision for XiKEU0wqti0koSFp21WkDQ
Collision for 8ZSV2zXgF8Anpr__wxBbSQ
Collision for TSvhcm4KxzO65aN6XtRfvw
Collision for 4OE7DIs9dmWhVD9yJ_EoQA
Collision for ZPw50Y28t0cYoI2vIs0d0w
Collision for Jy7jGYv7WQx2KfMgc3SwQQ
Collision for VaPjPDBNhmAeJ4xHN1IhYg
Collision for R5lYFB6DjyY7iC29BrgG_A
Collision for anwmbbcrgwZPjMiwVKjCvQ
Collision for 7J1cz2lXaBnGR1uy-kg3FQ
Collision for 7lRAumNod6EhRU1MG7WcEA
Collision for LdEBsCV1-HSwbqBwwykPXQ
Collision for VGNbiYZUMcA95rPHoSal8w
Collision for YJAfr6xZQ6J-04FjZQCl8Q
Collision for z7gFL0kngPnJc-b1A6FjHg
Collision for Gg78XOepA2EO0BWltqC1tQ
Collision for vIqTu3Gi8ipEb52UBXIcRA
Collision for _dVRstupggzhNtHMz_i5ew
Collision for Tv0UsjvFLE3z6IKWx7SUfw
Collision for 6_hBj6WGpLwnhenrEPAAyw
Collision for 1DWbTGMcHRpJKBk_kKTknw
Collision for aaEgVrehmU5AwCIalh4jEQ
Collision for zdQn2NSOp6dnAF2LsHHnIQ
Collision for 4dAEfyrpHTUpVJiRtwByoQ
Collision for deDFFI4Tn1vaItwEtqt0lg
Collision for HcYIxjfZ-IJEnGz0yA8j-Q
Collision for tIGWqPAZ6iiFcfmtwrEBFw
Collision for 109b3lv82UjCUGqsbrPfnA
Collision for 5lCvItYA2Pbyvz0QlXYOIA
Collision for TZlGVROuwGZdxxJ3Z-773w
Collision for 2QLjhD8m3hp5MQwLg3nMqQ
Collision for WGwFMI_Pb83MICbK-fqr_g
Collision for 8IcTOG1sVM_1nwoE9otqSQ
Collision for D2soEyS94JbduHxrYRaRUA
Collision for e3aiZ7yEWGJaR2vYVQIHdw
Collision for jsj8ppvlEfCZeSn55dJkDA
Collision for FpPUIOOsbOJREGEcYAmJVg
Collision for iB0A9TPlm2j9_nlnzMcGsw
Collision for yOGQZ2k9yguZvVfjaGEF2A
Collision for XIyLLTy9knSb88bat4JQdA
Collision for zPWyzBP94ziupMEK6T_HQg
Collision for 48VMpKfvEidF4UDPbkifuw
Collision for akvQbDkNsvITktC8vTjw0A
Collision for Q0OkjdXixQ-VPllq6V1wzg
Collision for G9qfXWvFdBhFyKMSnYView
Collision for dqwu_PLT4KKsgjjogQcyNA
Collision for -04pqX86uKPN50UXQUyQow
Collision for kTzjXfi706hajVtLfSxHPw
Collision for xyWgMq8MoUOrD7W9UkPfRA
Collision for -fm0i3yJp7ogaQipDKeMIg
Collision for GOICs9TRcqvBP-d_V1dWfw
Collision for YQ49BXAfPzdlG7EQtuplWQ
Collision for l53RrmRl99e9U_y-8dWDIA
Collision for k1MeZwddJ4mAqs20oInlCQ
Collision for zia9BSpqd6HAx2huMVUQ6g
Collision for frXHDw_hQl-gitZmmETyNw
Collision for 58qnIL4x8BbnbsyNWt919w
Collision for oZKKw0kp4TOjW3-NgzjKfg
Collision for Z6n15lj9nw_9GHLeXrt4eQ
Collision for oA3By-T0ppJwNed3UhXSBw
Collision for Nhe2CrvOGSiC2EJ5Oz01KQ
Collision for rUc6wkfNjX4lb0_PnpDyOQ
Collision for hepCn6Wd243rCiZ368dB0g
Collision for 2ofuI1ymLOVSAd9Fn1_sMw
Collision for JFnP8ZKFLawp99_lkvajgQ
Collision for oHojuGaCZxK3M2ELcn0wjA
Collision for EN0uwT1sEeJlHhV2SrLgFQ
Collision for zhlpNZ6g2XYbP5-Xz33wDQ
Collision for M-if64IheuRsFvrsrHa-oQ
Collision for l22hNNeH2dooh5DDwCh9Yw
Collision for KSM7g-q03fFOoJWXCqa6zA
Collision for p7U0pzSNlxX1qznwQs-nLA
Collision for uJUB-CRQR0sXonybpRTTCQ
Collision for MxoOypBZoqouY3mJrYUiIA
Collision for wcdP0nXFTsHVXGS1474lfA
Collision for VZkGeIfVxaoq63UchEAZXA
Collision for VUSMkHzPkWXSXXFYZLcnNw
Collision for KkPq0YfhuwbOiUVpdLMGCQ
Collision for JUziBy4HAMjb4rwHWnjuGw
Collision for R2bvO02RXzR8BOKhWE6swA
Collision for yuaRe34dziw_VfXaJhz7hQ
Collision for zYJIzchkkXca1IAUYu4hFw
Collision for p0ieEoL-yi0ie2UURAMVeg
Collision for vQ44XYTV72NeCXVv6D-ZMg
Collision for cz-gQWxlvhG_xhdaGAmC6w
Collision for k-gWGbODApKqHZXOeCVxOA
Collision for wJul18rZGpq-JjEd9Gq9Yw
Collision for wFEWmLLZWhm2OQX64H8swQ
Collision for w6_-dZn8G_3T7i79tyRKfQ
Collision for DdPEfMoQtdragsAsj4DDuw
Collision for 93auLmclSBUxGdHVts7_xw
Collision for FD1964QYdv2kexO0XS8K3g
Collision for Vg-WQ2O5vcA_B3XVSYYWyA
Collision for LtQowvRkT7Ot6rqFvoelfg
Collision for sbYMuzbMvWiJgdxa3Rs4_g
Collision for tszQwqorwwcpVtC7MHTSvw
Collision for zfoYHQrk_ttLklv3KLzn0A
Collision for gj006KECo9iwba6ZQTxiag
Collision for 8UdEjDAWoPN-ojFz9tg3iQ
Collision for e1Cd2BAEIcE25oPmsPRqAg
Collision for o2v9eZGJDs7IiRkqgW_94Q
Collision for 7V5Bac7DZqw_gIaMTTy6zw
Collision for X3UWeooKuSN9uohihRijnA
Collision for 2OkFfQWpyOWJRM9b1aS5aQ
Collision for kzAdXH2NSu3h5mvTxC-_jA
Collision for m5XIJzq_Eg8kHG_Ctxwf7Q
Collision for N9ccnKz3nltLYma6jWdsJw
Collision for jwnQk32rv5UatEKYHjVzhQ
Collision for ld1-EhKU6ZsjYA066dKAHw
Collision for gdSRDZ_5FRceIskBGQNXGw
Collision for 2QLjhD8m3hp5MQwLg3nMqQ
Collision for mOoT0932Pp8MHrSp78hyPw
Collision for z2MWgv2Id47cB1I6shy2SQ
Collision for 4O0o6sbSpL5t3sKiApVFpQ
Collision for 1JrBzwChdsuY02WsrHS1ig
Collision for 2DgNef3UcCzjS0yqww0h8w
Collision for SEM6dznJp8nvThdaXeB-Ew
Collision for dmfCw2MKge4qiwlt67Qfkg
Collision for dYV_-ZVcmKvM0Dl-5ELC8Q
Collision for Yr4SOcfay-50yUc9lSWkEA
Collision for CaZschHZ6VRtx3fOf-tLtg
Collision for qbQM89kbiVFBbUBi68xSLw
Collision for ny86rpcjLPEHfIvkc0Rr-g
Collision for UQUEuC4MB0P25MdwkqOGkQ
Collision for CtgqkfQ4F1HYaX2elPLFUw
Collision for MVs0i4HfpSjVeadjcyk08A
Collision for IuiK1sjaCbioHgBiUQPMdA
Collision for X2qTloecF8xWlWxbOrUQBw
Collision for txEDKEhaQpQK8T8Hm2iJxA
Collision for cNAOPZoIVs9MC-DLctcANw
Collision for g4E39ngCia46aWaetSKg-w
Collision for ipnmi1aQEFmp6BOIWibaCQ
Collision for 9bm2BDYlJjxCkZW0D1_WSw
Collision for eYtzY4maa2ntGFO8PKFsMQ
Collision for 9iSgGKuXvdgHPDIR6ZVWcQ
Collision for eGV6MWuECx8c-3CSkOQMTg
Collision for qdY6LsOBTPOI75SkJLIEjw
Collision for r_2GTSd09PIt6i9eZ5cY4A
Collision for HOPBJV0KnO9Vt6fJwmVB2w
Collision for oEbFlR6i9LiUs96KfAs9EA
Collision for EWUpJVxDz9p-gcRNusZGyg
Collision for n7yWwrHDHTKNjtT_cDKNDA
Collision for 7mJrVV09EKToRpCM0DqIUg
Collision for kg5nVnpspOkn8Bb5vnLxsA
Collision for -UWJ-V9vLo5c9LdLSCeyMw
Collision for jzms61Yj1IL_0oWpyVH78g
Collision for 7rPSWxVvtz5ogvf7cIL6kQ
Collision for Tz5NQezaQiabOz7oGEr98Q
Collision for 5BGvwb0TkPXPhq2TVCRixA
Collision for tk-TMFMSG60DkBzHPVfpTw
Collision for ahvRiHtziePuowqGrhgTIg
Collision for wAxFc-hvd1amrH0YPfs0pQ
Collision for 4BNd1Kh3NPXUDkcY02lvQA
Collision for bvuOd608H1dECe_m-mjrsg
Collision for 1kI6qFrbItZZm76D4RLF7w
Collision for ecPBPvL8XCWsjN22zku7Hg
Collision for ccs7UVz6LmW7Ou55mAu8vQ
Collision for GxpaGY-I3u8oRNj44XsLdw
Collision for IJFrSzO3kZzHMeQTf3eEkw
Collision for EK08XOyPWccZ4e6iBRVV-w
Collision for UwHzA119rDbr-s9DzVmCTQ
Collision for BGK6yZKiHMLPh4lVGg52Jg
Collision for hTrLvFSiE0v29bRqIeqt0A
Collision for tqVdXQnvlq7nUXyX-62kjg
Collision for QyD7HOm05RS6fbIr1McpJw
Collision for yJtIBChHyMpgKe3rzZEvig
Collision for myrENfH_ZF_NUm3Gnyug7g
Collision for 4RWDSYhd6RjyuB_wb7XCVw
Collision for Awe-CzgYNnei8afLyFtWSA
Collision for FuI_L40wCz9_ETeWMpmJ0g
Collision for qYST-f8IUfkldoa04teanA
Collision for I4g2UhGJKu1oVk-ZdiqkNg
Collision for nMyd2DGgJrYMzmAXz0QtSQ
Collision for SHb238agagelhdk_Afklcg
Collision for _kJ0j82HKUTd5vj2J_z60Q
Collision for bhutKddaWUURBeS3kWq2Qg
Collision for u8S2RjoPc9BGKj5oigsMqA
Collision for ws1BUce2j9UAQVA_mYS93Q
Collision for H2nXNnM55JbIRSBFIOtVVw
Collision for w3-GH72JDArkH6_hl9Tcdg
Collision for KxbPB19ru9Zu59EW01Uz_w
Collision for PFfXAXBOMHLo2IYBOsHVcA
Collision for DmA_UleXrlLmBcOiDJw8jQ
Collision for qg1TC0KtyZ5l__DnuYuhnQ
Collision for Vp3PxxqiVhUHtq-IFrmw2w
Collision for ZjDNiPuhQEly6TTl2KmTXg
Collision for Fz4VUquN5lKwWxgeAWxtTA
Collision for YMwu2FsIWR8Myo1IbL00qg
Collision for koq4szREcOUbnA1VR0ewlQ
Collision for cktB6nvQp3YYDFqJ5OirOQ
Collision for VGXDORsrP45GwEw6HD6ynQ
Collision for RdRTkoqgSqkj_AKuBCsxvg
Collision for kDJtV6hz7xpMzQ-pLbIsCQ
Collision for jqnwvGNSKN2qXYbH8mfb0g
Collision for wUO9UEIZA0YVo5Y3Fx-lCQ
Collision for tY-L0OrgjSYv0rgOLSW2Ig
Collision for xqlpFVgAd-oLsgUx-xJ9HA
Collision for JiZyCIKM2kAnCiS8zydWVg
Collision for Z_Q2zrulSdjwGC2TU8gmrA
Collision for HZyaFxc-lwOC2F02Tvcvqg
Collision for OQFHLkB5F0-EuAxavZcKpg
Collision for qT8OKneLyOpcunA81-NGLg
Collision for nWrAIos9HrSId-i4F6UDPw
Collision for pchzH9VnjogRnjAikheAAA
Collision for lUqvWMWSWW1m_wf3aJ5w1Q
Collision for W06Jm9Jiegrreisgd8bNJg
Collision for WXWci8kCce8x2cd5UyvT0A
Collision for zB3Xj5DHQAAudSp0GuvB7w
Collision for HS0MEqF97Nz5u_gUPM_p2w
Collision for EsMvjQ0NhPe3fY17oQ6rbg
Collision for 4gKys6W1BU9hkae3TxkIGA
Collision for gz6PucvLNmyPdkeJGTwfkA
Collision for U8o-sXHjNEDQRMRbjhDjzQ
Collision for kuTT1r_PbWBfh1AOg46v3A
Collision for r1VBd7f92by6StqRNyAuMQ
Collision for Tf3EdHt7C57mo8Q0sJD5YQ
Collision for 1UjOS6OamNzOFQwV62_Bgg
Collision for zoyNRiBdv9iikN8UvKpedQ
Collision for 18yfuLcThqeMFx1-gNgcyg
Collision for ppwYgwlbX8N0V2RrQvr0bw
Collision for _3ls1-n__4IDCiDbjPB0rg
Collision for _1bkhxlu_DHx4iKH_H3Qpg
Collision for KdBzWmoHC1LsOscwjKd74w
Collision for DwwRxou4Vg2NNDlT_sNWVA
Collision for jwdjqEIUUntBuMVQkqq6ew
Collision for 8pgF-z3sl1_xPYAd3nRl2w
Collision for yGpUiMKKYgIsXl8RmRiuOg
Collision for bkchymOPen3UumR_kx3XrQ
Collision for UN7qqJJJNcp1svzmOkpPjQ
Collision for At1jwz7aqg6eYeFZbxI2NA
Collision for ik_LlQk5bci08P3EiKi5Eg
Collision for _6SOd9vwC1diHdj5yauLrQ
Collision for JJNGAm6aV3V1wkCFb3fd0A
Collision for HFb9hKxHHF55bMoo-n9hHw
Collision for I608aax0IBEnnCPF20g2jQ
Collision for At4c_DSwxtdEjHQUpOLLbQ
Collision for zKipH-igZTyr2W1oNd8Pow
Collision for 7Yp2NHS5rMox8k8y3PYhzA
Collision for 9NomdCKopkPiCy9csjKHGw
Collision for Wv7SFB_ntpoGe7B6VSG79Q
Collision for Ow_5r5n5kCpDFKLlBybtdw
Collision for gV4NkpfPKREqdoj23BbWaA
Collision for -dLzABHSEnqIu12mCUH9vg
Collision for x_wsTwmk351S3LJivAQwnA
Collision for c0uw4Ci9uiRxDOr1pby2RQ
Collision for NnixuCrmUXsUygJ6PhJjMQ
Collision for U7wrc-q8MJwWpJ9YPedXhg
Collision for xQ5m7yc8jB4-VsHtKGuTcQ
Collision for rSoT1g4h3TuiHH3UgR1V0w
Collision for yD6BjqDpV4qQjTF9Iq4d6Q
Collision for ekgmoB-K3OLhiiSkd7izlg
Collision for lZEsvCL_ETX08NDe5o12Og
Collision for UwzvoCcUMAGXjH-ZQkth5Q
Collision for FWA-L59OH6dWXrdC-1Lydw
Collision for d01m99Mfp-yQgj_jVY0pVg
Collision for NBa_ZeH43wBEbLiMTvfaWA
Collision for uW5yxudPcU9sDjGK3FLLfg
Collision for 5_CdH2JM-jjHE0sezM_l4w
Collision for ifFUiCb8iRedbNSlr_ntHg
Collision for kYZ-QcTwqBwJJBEkf9bS-A
Collision for haWelQVbwuR8CQEeIdiX3A
Collision for KECmTEXLsqjtC92fdws9iQ
Collision for lOvJ3cFDwkV1uiq3PwqQQQ
Collision for yJaryFitxDlCVzsJ_lPDnQ
Collision for Oc_moCdUDI165S_ypFSf_g
Collision for Ba-xpgtdabvXat4ZTk8JfA
Collision for JRJws-QQJ_7lcOqi560k6Q
Collision for Q7LBzVZuAVkVYpSEEi3olg
Collision for s4R15bqrFWNkVaizmwc9tg
Collision for YFpBhDdinXrlcF34ZKCy-Q
Collision for UrWwWJfN1kaB2AoR_Q3J6g
Collision for x_pGlVb62sNhHwGt_hGdRw
Collision for Oafrh6i7oJwhmiZIPrinnw
Collision for MFXX3S9UPVAYOwaKuJrNrQ
Collision for Y0Qx_e0iSxm3qZCNchNUDA
Collision for N7Fh8MXA2xgpBVzcoDzuiQ
Collision for -kQeIuofqtDQGJhe1Mrb1w
Collision for wselGgGDiaX6iFyIvDRF6w
Collision for oK509orq1p2hKhyYxfaE8A
Collision for ZYPC2Qz1_QTFRTaF2TynFw
Collision for 6lvw9BGK_36BRAASYhqAJQ
Collision for 9DtNlSTOkE6Kz-zLAtfsFw
Collision for 98xD9zTKZDJ1r8rF-o-5Xg
Collision for HiNfGR7pAFH2RrTjN8B9iw
Collision for Gfyj2ZUM-oKfIWYH0MeJ_Q
Collision for deZv-MruYyF3d5SPPa4IRQ
Collision for 7cyiloamUOO5hABH18KwSQ
Collision for 4Pym7pCK6oTRJL19GuiQCQ
Collision for 73oaLRhu6r3c9WKiPhIsCQ
Collision for buDRoxlgDYmXsRhiGrhjjQ
Collision for KmPeMlB2xQzvkzKZnUdGsw
Collision for n8DVswYmUu3WSm4YcnY91Q
Collision for 2YNqQnxvGboX8DzXdpJdSA
Collision for XCEM71LCLKaNqfHl4QPt2Q
Collision for mKyoRizFTVIcf8EpVSJFPQ
Collision for czzue3gJ_3GpTrJw7S1zcQ
Collision for hTkmzpNDa32xbpYzNlEYPw
Collision for NZoNJT8PE9AFNFuw6O3taA
Collision for nBgjJyKdE3slWJHUBfKmYg
Collision for 9msDPGn3JyQWozK8MU46pQ
Collision for SVo_z_TTipuCvkk8tqvwjQ
Collision for xDFkIW07mbW8elzNGeCaRA
Collision for iwD75q6TGhPGohD85Qyt-A
Collision for CDz6hExDSaiF7azv-jkiDw
Collision for W2OUcvL7smON097KraKxOw
Collision for lsMaOz2ELQCdaYNMU0LmZw
Collision for TP1EfU_uTVEiRbiS_1JZKQ
Collision for qZyPDwa-oC6HStyqJStzGQ
Collision for MTvzWi-zOIZTZ-kd92T7yQ
Collision for zjMSKdDiAPEqAy7ma9QFRA
Collision for LbbDw4-AxC0OGkXNc6-UYA
Collision for q_TG2jyun6Vs1aZ7sbhZ4A
Collision for JHZWM9UgQYVD0M_1IDt0kQ
Collision for TQeoq8akr3TkiiLJfHfvIg
Collision for v8qbnEujo_-QRFVUaqkjrA
Collision for rN0CAG0kDq5YWIk_Pg_Nuw
Collision for pW6Q99mB_pHNEy_nXEtZ9A
Collision for IGloaOqwul_LJPm2BYM0eg
Collision for OKTMHZHlTlgZbO7JJD8obw
Collision for ycEmya6QdW_027baFVvHyw
Collision for WbaSBBzt3hLLrAeFp1aXPA
Collision for pmQnHYI70Da03-rEWvggXQ
Collision for ZnaZ0xieu9EAw_A_VtfNIQ
Collision for RlZGJiEYwyuhUObKWlUPzA
Collision for VyCjcuks_Y8E0r83EkrkXg
Collision for NqgIVHWuZJGnfsyTnX1jvQ
Collision for zRpzQNzZ_8sP_pMpuOP1vQ
Collision for EZsc-hUozBftsVlH3n4VpQ
Collision for Vp8VhtOPohH74K1mLK20bQ
Collision for FGDdGo_3EhadqYJVdnaQqw
Collision for lpNoV_JbfF13D84_to9oyA
Collision for 6L2uQebbEr45bSoaQ_EtLg
Collision for HX5Dp9xmqiNmq5C9zQ_A8w
Collision for gMHfKuREX6yu4IzFm2Lnwg
Collision for RAqCLAFqRwzWDqZcDCDtaA
Collision for I9DCHhvhN-Wn-wQVNjDR3g
Collision for y2vGydxO5qhSWEfhUnmc_A
Collision for gzKqYwmUxP57PXntM8cppw
Collision for VADnQMCC0SR9HuI3aQEMDw
Collision for IQaiF1b5z2ifTLg87pJXbw
Collision for DyoL2e-Mn0UOPWoTaS3mxg
Collision for 070j6N63D9avg6_VtneNIQ
Collision for oTsfzGMSGMb0U8kX_eGrfg
Collision for fpSAOH6GJ7ghJFGlvJtddQ
Collision for w9BoJEr0OT_IofPUMQ67xQ
Collision for ZqQKGulb-1cNIzgZIKrtZw
Collision for b197W8Q-lG2gizA0_c2ojQ
Collision for dbWbGsmUraFKQ-qIm2LP9A
Collision for n3_iGf1Ryq4GaZDSCt236A
Collision for HSu1jX1K3A6R2Mjr-odOTw
Collision for fUhni4XpNiCeZWZw_Q-Ffw
Collision for R5iPz596EgxT-UbB3qBRdw
Collision for -oboi3NjMPd2zrV8jqDZsw
Collision for ZdxfM80lmCPsPe7fuuybwQ
Collision for dCslaYTHRepV-s5cz0pdSQ
Collision for a_Wjs3W3mImcoe-vx2A_4g
Collision for tOgcyfB0CCZFHR7E8PoUww
Collision for I0Sp3dy8vVkWDZdxYO7eWw
Collision for K1UFPEZKc5vA1PBLgdlhgA
Collision for 5dbZm6ywKIGNnNH-8PT8Tg
Collision for qrUASbvRo-R5wpzBWwng1Q
Collision for HC-onUMFrc_gnmeeff11Iw
Collision for QwORF9NPhbA_3bTPDYkkvQ
Collision for oDeNM_oE6V5IRsi_4c0pUw
Collision for JTvjUeMEPAKL6UPEjI_0oQ
Collision for 1qNgAKcQeq9i0xbsNM2rKA
Collision for lLWH1YUlwr_7pENuNORHHQ
Collision for Mbf_q-iO0kgMwuldk_ATtQ
Collision for gVa_SWzum8D1v8OnqaDGKA
Collision for x-fcPQZjEkFMPOw8MS9aOA
Collision for T6kOj7zJXpuBTdEArUp1Eg
Collision for 7LC_-Z5hqVYtmM7JPzIhcA
Collision for csXMUVDYR6lNRaEO7thKZg
Collision for IouY9GvhXH-uBSNg90Bd9Q
Collision for B22gbQyGZPpip218jvjjSA
Collision for EtOyXGHutnEkerUhmKD1Hw
Collision for 3S-9purN1tEXXpIrnTgHRg
Collision for cHijKp42A6eCK8OO5gOQCA
Collision for 8MF8kwLHj5iHyFDN0qKoLg
Collision for tCLrUMyt5n7_a7SsvfqdHg
Collision for TA_ODeyOn7hI6ggrPhVEQw
Collision for 1fTTa2MKB-mk0L4aThYX0g
Collision for RlGGahQfO7oQeTQn0jD8GQ
Collision for 7-y4uAEzf4ThVwbbMw_2iw
Collision for C-E7Lesi7bVntjsr_K-gpw
Collision for kB5ZPzqaqBnE6YqSR4mXOQ
Collision for wjP3kD51f4_2XgzBF__o9A
Collision for 4iFxKzAB9e3B7TB5YXczVQ
Collision for 9i5_SgBLvbMT3poQuWN_HA
Collision for 24VLmvUwiyz-Jlauu7-RhQ
Collision for iDr9fAVnoBGC-k73VbogjA
Collision for J591rKudwEW7WObGe7hN5A
Collision for HE50DxoZa16mxHeyC25EVA
Collision for y1EZpBbFxeLsJ5aJhzot0Q
Collision for tw1KrT7DQ5JT5s7obVTQuw
Collision for HCO1BWHY4Cq2pyodnvNJkw
Collision for N0ixymr_boLk1_1W9LGpEA
Collision for sADifrHRd_2CzS7AEBz82w
Collision for dXRvJ2nRIon8HFC0xcvWjA
Collision for hQVrh_2y4fuxG0B4yL8oWQ
Collision for OzA6_ye6KxSF96Wavu3zbw
Collision for OFbKEDJOZHz98VxjtwtTHQ
Collision for py99xjIsu6IH25osp4kgMw
Collision for 3JjbHduiN9nwebWDomKv-Q
Collision for 3tuWUZOwzICaRrWLANMn_A
Collision for c1NY5v11aiKGkJ6MOynTPA
Collision for QH21492wEq72VYZFRCwLRA
Collision for dp4ZfmUBSRU4KUigal2M5w
Collision for hkWPt6VE3bjJz49mW6n3-Q
Collision for k0iGdTKjcuMvklkAa6xKXQ
Collision for bgFou5yDls3xsIskcHUeyw
Collision for n5D16wbwLIPOO8xkh98S1A
Collision for q-aeR9zO1lShICh9ScN0kw
Collision for CqZ6wWjg4_iSaVD2U5oZ3A
Collision for vbI5fFIw45rDm8Zl2fGT-Q
Collision for 1b5fjojezDW_WDxWObJ_3g
Collision for lwCbc5bRLShLBIrjFsC6AA
Collision for K9r1odNhYyBlkmU_Rn8B5A
Collision for XQ2lgZIFevqR6-5RUUmjHQ
Collision for N7BC_TSbYhZu2K4xiHf_9w
Collision for kdHxey-V5lznLA67fpAH4g
Collision for 0RFOjkk8n8GHV0lZTErUsQ
Collision for 1DhXotntFeYLHXpF6MzOaA
Collision for vXwSVrUrJqPye5XozpRpOA
Collision for IZphQtOtz5Ib-YdO5pigVg
Collision for lGEpka5VeB5VC-8oq2aCOQ
Collision for D7hhBJiaMKBi0Vox3vezQA
Collision for mWG0qz8rDkXPlZmzyhZSiA
Collision for ayq-XmSwZV02rE7nZGNZiQ
Collision for oOfrS9K_zpFUPnLAyXbOWw
Collision for OO-a92_wONd_P7LOH_w3QQ
Collision for r_wldbf9bgv9b7uo2B3umg
Collision for iiml6MdAqyjjvginWkO2kA
Collision for UIXbziGc2GO3vdp52pzrBQ
Collision for A7MUzFn25p7LWdYZh8XyVA
Collision for wKFpjhB4DmQhsCz1b2575w
Collision for XoBJ6rf7lUCABDdrJBSrHg
Collision for 0xr_Cqcj_bDYNZQbjMQdyw
Collision for H8cJt_Ux7Wagx0iU4PCbYQ
Collision for _TWmK9srHJGCC_7AFpWfyA
Collision for meqKaHo4Ja3WjqvBQy3jkQ
Collision for lnjiER-wNIEycC4C2BIMkQ
Collision for z1-5U3jrPDezQqdaRDiiqA
Collision for yw1ikcOCQLoOF8I7RTCr1Q
Collision for eO_wCpODEtPEEb8UmBE4TQ
Collision for 67FakConk07Bfp4dXC3jYQ
Collision for ydPrkucWYSl-8LmIxcG4sA
Collision for VXso66ef3zguoMcNoJng4A
Collision for QKcIAdxZHmKVQGay0i6QBg
Collision for Rkb-qXHhHBd-F3vqVBqfYQ
Collision for DQD2uOzMUsWMpHIwESOe9w
Collision for 9AEM7qkGNTbxI295YTW-FA
Collision for 5c0QdbF5iSjPLqBEfyvs4Q
Collision for 7s9F4uESch21CRhzzSuB1Q
Collision for gcRsAEsPON2-E2qRJG2Yzw
Collision for w0e5zugK2NhsLFEMaGEiQw
Collision for uHq_A2IP-ry0E9QECD03WQ
Collision for ZN985U5714Xxs6TDHD2pnQ
Collision for 7iWFP2nFw_mEnGm1LZ0q5w
Collision for TgxvUlsbIR6XeMvs3_4_vg
Collision for k9jycvbgPFKQR6wgJcmmZw
Collision for mebk4cckSNaY_VZB8-PF1g
Collision for TNpWxUKEjOxWjU86iZvegA
Collision for Ew9rJE6TPZgF74iwNMOiwA
Collision for 6eAosDof1dBcYU75wP5bAg
Collision for Qca7IQ7TvTb6S_R4gkLHaA
Collision for YJoUDYkdolv5JHTzt_vE6Q
Collision for arUBg581IXmwMxb76bzt3w
Collision for _JdKLAhJ1HlrqpuYjO4oaQ
Collision for aI2X8fep38-m3JFU6i5oeA
Collision for X8mHlRGRNKPeS6_HiT6ieg
Collision for u70L53CmMjqr5YmgpSeVlg
Collision for qFjAYYcrPcUaf6JYZ_TFDQ
Collision for j76iCmKvX_OexZ9uPvd4hw
Collision for mK_P3H8SBrIvLV4-q54UIA
Collision for r2E1RQ-qPUqm2MBz1TcI8Q
Collision for YRPm91Gm-LslMTdQ737HSg
Collision for 0H0zfe-f7XT00QckcKitrw
Collision for 3_p9YhMt_hOmCDdRrHTsBg
Collision for -yy-yfbQxr1Ojp_jeDROCg
Collision for BIRvRehZQNz7Y-3IBAILrg
Collision for M46MeiaSqUCiL0rwVexNGw
Collision for UnHaiBqMrLItdhfJoyIMzg
Collision for m8VaCtEEJ-BFckkQvILgzA
Collision for 8yozOlSPDv_DoqF9KxxO2g
Collision for Jr7YJ5HDviqgzg4ixirVgg
Collision for u_Umvw37rbBoetaVAjFMiA
Collision for WK-8klS7M3jkb2SMI536QA
Collision for lljG5G-zkjP0gRBxcvjj3Q
Collision for C25erFt0_bonusS0aNmgyA
Collision for PO6NNWv-MFZ9GL7jm7mYug
Collision for YS4LdFgnFj7v1WUBXsyWQg
Collision for zIhNAz86WyfdHIVdruJ2Uw
Collision for kHEmwJkRFpjNGxC7qYTUag
Collision for 4Es-3rMB7SFLvaD065QPRA
Collision for ZKJGL6xzrQU79vP44CdRog
Collision for _xNnl4alZKensixT-KeVEQ
Collision for o8mdIymrCCSk0MuPkKjfTg
Collision for Miz2BqdW19CZ62maFXEcKA
Collision for TTaIl7ippOXWjmBVe6vZ4A
Collision for vVHgsbDmnEN7DlSA0omtLg
Collision for ccHUG-dtMLuwqcJah1xlQg
Collision for 1HiKA77VD5t6galttFYQhg
Collision for xNq7F2OU73T2opHeG8AgMA
Collision for nH4BlaQf3VblI4waeZESpg
Collision for b_oFcTqF1DC9Wq52iUdidw
Collision for 3xyG6oqbWLvpEotEOAy-uw
Collision for cCn8XFhn49kIZ62fVji-4g
Collision for XU6UOok0rmwqnHAP4tyBww
Collision for qtLCa_AK0hzKX33IHMWyjQ
Collision for uaSngTCq0pyXrTor3iuH8A
Collision for 3D4pkRlnFn-3xU3PeKzmxw
Collision for KAPjt_gsDfbBQ4yk8HWxHQ
Collision for b5-3fDlUwCWBavci3ITuXQ
Collision for PRER6J9T2UlUbZ1NLeNU-w
Collision for ByLkEQaLFmRWy5bqfKpgaA
Collision for ySnJ1f7g9hf5BgSi7k-Mjw
Collision for EWa940gQBAIuqpTxIb_tgw
Collision for NEJr10in1yRTJr9xt22ToA
Collision for Ip6OnpyyTMz9Qo8Kmd_WcA
Collision for i5AY_ai8eKnV9oLDYTaKfA
Collision for JYFgmqh2PQXI8oK297C9IA
Collision for lIKz-4eBx49jmoH1JyzkQQ
Collision for aShuidxparKdampTaD5Jgw
Collision for dHlmLIhBg2oFHVFUryTkiw
Collision for Ji9-co-WYB4KrAgOA1-6Zg
Collision for tx2PA1Eb35tyUfDJE3Xupw
Collision for G4mZ96h6F-BFq1XstGmc7Q
Collision for NrwDd5f874yDeM9iI8jRww
Collision for IjpoaDFe8BuMF225DU8ggw
Collision for MbcR48O37H2y-KU3vQN34Q
Collision for lhKo-luQE1O5-3tiSAV4cA
Collision for XlVZmh2bRy5aK_5POWZgTg
Collision for kVnjkP4IB5mt6wlBflPd6g
Collision for rBSchTXPvtyf4RUIClRM1Q
Collision for IuZIXleWlGCiGZZlNEcomA
Collision for 8OLl0VCHyyTCtumNnO88yg
Collision for gjQNDCznisW9UlcO-04p2A
Collision for IE9Fw00pMaNE-kp4U3O1Yw
Collision for PoD6IV4N6pWQuwijsqyZHA
Collision for nZLnVHGBWMPe5HbtpqF-7A
Collision for paHz1EYWX0riRWrIvQbKog
Collision for l-YqWjsf7R4202sHxBNRow
Collision for XoVh9OACzTulmV4EnD6kHg
Collision for 0619brAsFEZiUd2acmmsVA
Collision for R7r_nGYEeA50CcTSY-WMrQ
Collision for ltjUwfQ_M3EPPvtMZtpQjw
Collision for kcOmTyQJ8hormSV2Bpy47g
Collision for PNL20VxCJ49hZM8sdOWcGw
Collision for 9qqjccbayq5RfeSWKZevfA
Collision for tXGBX_Isb1mb599ib9QtWg
Collision for J3qNRHR_po8xmexGfv08Fg
Collision for lxtKHR4oe6NGjg6y7Tfw1g
Collision for D37HYv3ChXGDEAi7HHg0pQ
Collision for 7waxAxOXjw7Sfre9G-QjHg
Collision for XTCD1R_Y00sJZs-oB8jJlg
Collision for xpsfeCOm7qAEYycSiiGb-A
Collision for GYcNfmpv0dZK0zHLEZJM6Q
Collision for 6xkvmZWcz-L_5DajXwfINA
Collision for fE1uxBYHs3WiZlghmBw6iA
Collision for Xrjs_UuuC3X9u94hOPZRMw
Collision for rS45_awQvND-uTWP-tY_FA
Collision for 4_FF9ymTei-_hB7dz-w2WA
Collision for t06up1RGt3-mGR0IyjRJpg
Collision for RhpbWlDzvmzXByC-gTLaUw
Collision for CQdupA1GEiXM9YHYumKqXQ
Collision for 8Wo52_mW69qfNuYcqVhKqg
Collision for wdHaINklm0iCgHxKE2xfnA
Collision for MFsvIPU8fZz_0f0U8HO9EA
Collision for eGqQMkfJTWDXpvR8h3y-pg
Collision for eHOcaT-f_yqYCo_7thNGQg
Collision for oOzOHtffTKsvo5bShC1ScA
Collision for J5LFOAy8fG6wlf3_eVq-tw
Collision for oYY0a8eWqUSFL9vRdUM2yA
Collision for usSVNse4SH360bSlflDJ5A
Collision for Ps6KGrA0XhCchOvT7onJFw
Collision for hmA1Jnocp5gcqvrQNwu_Ng
Collision for GA8pidh_xwd9UzLjIa7Xnw
Collision for UhtA47a3uy0rOAr1GRaRUw
Collision for Cekvvq-YYi6lB99Xf_EduA
Collision for LzJIZE9tWDkIDZU7n_34-A
Collision for uHMYqRfUXZhuEnPI7XHoUA
Collision for H0i1MGtNEeMf-gz4b4lWCQ
Collision for NBa_ZeH43wBEbLiMTvfaWA
Collision for qOhDH-if0OmZ1FcCKgSiRA
Collision for M5elAz14kOu_XvIvJyKqzg
Collision for fukhd61E-kMAMVt-BRwlSw
Collision for olkSZx8sxNNCDOeFK0C8ww
Collision for nKS9gAKZxvbuuZ_fDCzilw
Collision for 0Tc0UgmYEpdvB5x69U-Rvg
Collision for cEywk6fy-OVyNeC9x0oERg
Collision for QX84FLSadT3ZDTwWm3asKA
Collision for gb5tOMu4EosGbOXCBhlK1Q
Collision for CLaqIzsuXVcHIwEkCJ0czQ
Collision for QTmnzde_l2lAk2zE8KGdLA
Collision for 2pUcxA077xMUlnnUXcukpg
Collision for 6j0F8E3upXhivx1Y5iOUAQ
Collision for Fu2hfBqbqtxaKuC0OmF4QA
Collision for FdSi8eAJs7fpiWaujXwinQ
Collision for 0n5ExLkUjm82v_E8N3KM6w
Collision for kHMX5NvzR6-F3sUF3HvmDw
Collision for BjRZGtG4RcGu_6574zrZNw
Collision for 08iQbGFC4lSd91UKRdHrJQ
Collision for CFHMZ1j1x-Lnpr8jzAw7AA
Collision for emwvzZMwSwkLGUeWX-3W7Q
Collision for Wwy9uKByxXWI0827bvvVxQ
Collision for 8DXVkz3hSL7_xNoc1vssZg
Collision for U_MKKPw66_Sg-CrImnG08A
Collision for LsxRgYDZEW8kH4plU8PX3A
Collision for rYupwiaYEobE8AtJTSJJsA
Collision for nIcidn_H4XuM0qHZwnf5Fg
Collision for K1FkwsbA3mrQPV8CREGevw
Collision for NMorRhvF0XhKqEPtViV24A
Collision for vnM1oQaU51VsQKSUNz2E7w
Collision for Y_pbFfVeMg6W8xWlQXV0sg
Collision for lujwkIyfnAOqFWFgtY2yAw
Collision for Z686HQxGrUC6MhC_WZHnVg
Collision for CnznuQSxbamdQBtRigkQUg
Collision for c0uw4Ci9uiRxDOr1pby2RQ
Collision for TGHdLoyaj0oqLLj14X456g
Collision for qISTdkEw1k542DNvYQNWBw
Collision for KcqSdPigpyz3glPaHa4W9Q
Collision for Qlio7ZPXjLuYReqhKiVqjA
Collision for W6YEgihh0CURwG-pFqKZIQ
Collision for m2SXeGGwGo9LX41vqny9tg
Collision for fcDcbP-5IJfPAB1Va-Jnzw
Collision for nMh2yeOGAp3G3y2BnTVt1A
Collision for lBLfDi-fQh4fclurjdcqCQ
Collision for vawa-VzMcFbJowpX42ibyg
Collision for ujVRO8kLBREsgomvwDlakg
Collision for KczLekiJsuBSfL6lqgL1gQ
Collision for QNhWx7mDtsBSIx08WTNCTw
Collision for _nOsKDeWQs8y8BsWKR-wJw
Collision for LY8mkHZ2APZ5miCTroXFOQ
Collision for 1dKaG0AAIzrhEiHSRt4Yhg
Collision for QjM3cylOef4nvimvS89K6g
Collision for F6uREbZHwm1esmCEt2vfqw
Collision for auwiC8DqqzWq4CEC_GrYRg
Collision for fS4b-Ew0P96EBwMLM1SiAg
Collision for VOC-F3AZGYptos-FpeQGsw
Collision for yn-raUpSPhhV-9muuk0UKA
Collision for iIB34ZcG2pB-IjQ1SDRyFQ
Collision for m6ZFX7UaEJhfy5KgXyDXsQ
Collision for Uk-T0kiyUMWOntfKWg_bgA
Collision for hP65P6JnGIgtVBwx8nsCZA
Collision for KbLdkKjYPTSl3uiWmoxYxQ
Collision for EmcL4s2fyO5TdOJtpWgFoQ
Collision for _AjPU5KGO7LaIbgqgdnsYA
Collision for 3lV8AzzJtGUB4TSIWzBtyQ
Collision for RPFU3x-Ua55bF-XJ3MLsTQ
Collision for huom43VO_s-JOnwYCAJP_g
Collision for Yu3AO6hE9k4ee_QWjOuxxw
Collision for 0P0T9Jz3d8OHW7bnUU1j4A
Collision for R3pyeLWwwnpKykU8OyZXLQ
Collision for 7US7C93CNmroS58hCwND9Q
Collision for jICO0hH1K_0vQApixGV8Qg
Collision for bqrRjHULqRAjfmsdK0e7ZQ
Collision for K0beQT4YuZcnAte5noTXpQ
Collision for m87sJNz1YwXABQYRKaQs8Q
Collision for Mc1KLEklGvO-4u3ck7izow
Collision for nahMdHAT_kAdt6CC4rTLGA
Collision for XreQj-ceaXuWHn78cSwY_A
Collision for 6L0QJtVN2uR308PklB94nA
Collision for xpRzvXIWjt4KyNyKW7TTHQ
Collision for ats9KRUYylcVkn1eN09MrQ
Collision for 83HRQDmgs6qEb3r8J0Asrg
Collision for M95xIn-0twC59_BHjyPISA
Collision for 9XuncjwuI82mkstTActRbA
Collision for b9DV3kjeL4l9ASRRwdBdng
Collision for SM8T9ozWNedjl7jRMwot-A
Collision for aD_JPdEU7ZixWbRA9_Mkhw
Collision for 5tcFN7aF139osj8QGly0WQ
Collision for TdcFKncgmonwLfzeb8c3qQ
Collision for 1VfOPrbp8eIJSEs10c5qaw
Collision for 9_EbYi1jFkL260DyZ1yd1Q
Collision for HUWRJjWF81I3q31mwK4AZw
Collision for Qr0IlU0hR2mR3TJD-1keiw
Collision for zE1gbBmmePgZ9SQTe9UYNQ
Collision for AuzSxMbMZZKt2YWSU3rhwA
Collision for mgNPVL9-PIUvjxsx_SDqyw
Collision for PcH3CIh5u9GGsfgJjm5ejg
Collision for x6VoCEIpPLLmZlOLLmoKlQ
Collision for uClJAR_ZGLZ5_zxZ8Sw1jQ
Collision for b0E1MFwOtRQ0UqCklACS2A
Collision for FYnfORt8RJps0y8AtyQR_w
Collision for YVfOY1Q3sJMOslcjtxZ-JA
Collision for YesdUIERsJrgh6dPA3drXQ
Collision for F6H_-Z1fGf_Oy3kaPQkluw
Collision for I0bFTUP5txoHKaawsvsV9Q
Collision for MPMaP_qNj0X6FYt-lh9U7w
Collision for mP_88cZDU2Dc14DzaFZpZg
Collision for Nk8mUzOYp7IabopP8uQf8w
Collision for rlunvzpYKQKPZnCTgzlUNA
Collision for vOpncGcxx-EDE121vQh0hw
Collision for gXeo965yByYJo-GpYRlAgg
Collision for katnH-sJtT7RZpg8FfCzlg
Collision for wUHTnsc1yzVMuHWMfbv0QA
Collision for myLLNFNh97vgw_16zuzB6g
Collision for uXsw8WES_iLtFhCHkb6Eqw
Collision for 7iuemajxzErrPqQfGGq_zg
Collision for kYzSa-R5chbSs1VKuS8lVA
Collision for okrRQn91ARXhayjcMfkMdg
Collision for V0c3RQmQQQ59H--RJQwQlw
Collision for dEZHic8fn2Hr-I4VHFbJ8g
Collision for PPs6gIn2PSwOFcWMFBzelQ
Collision for pRznmEUa3Mrz25qPkmVahA
Collision for RvrZYATXhZ90803Ve3TrhQ
Collision for qcNbW8XIInjadhf_pad1Tw
Collision for yYT6yjKAHVDVABXh4zv40w
Collision for Y1XS2gm01XYuKH9TLbDnAA
Collision for fyO28JQMcY-rMQcECmvAAw
Collision for wI_E8K22oF09mPTmvTvElQ
Collision for v57fXRjmTKQvujhBA3dDTA
Collision for 6YTyFfUsc4wLub08pUF82w
Collision for vHk6b-2UExOEMo4YXQomOw
Collision for GYNo_IS15cKDF72aRPyQxg
Collision for eDxN08Kf3U88_pitMKh7DQ
Collision for hwWEIPLQFJjdk3ZN7YiBOQ
Collision for WCivi1KXdC6QSVRwV9WJwg
Collision for PLdd95d1zrhaYD9s8oSTTA
Collision for WsHCkDq-4KoW9r_F4Gr0UQ
Collision for FFHHh4Eh8YYQgJ1Z4-hbHg
Collision for -_87qAaS1VT31ovvQVRBOg
Collision for q6NpbmZRQE6_KZXiXaUI6A
Collision for cq693LxQd5ATg-r3VMgYwA
Collision for mrVrCpFpYcofS-iaX98i_Q
Collision for -GH2m7rH8F6cAH6fPrwE4w
Collision for BcYrf6Q8aWoYPgNnyY9xSg
Collision for jrbmsPka8U1tEg--r6ZiAw
Collision for R4ofHKzuQVoj0q2X-dNguA
Collision for IDpfpqcrr1CRm-CMPJxL4w
Collision for ub3OgBvlaxg9qU4zcPh-Mg
Collision for hnnobkj0r-zcrhu8R9Q2sg
Collision for DOTlpffjNF45ALAk4YZxng
Collision for SlLHUfVkmsSOYSf6UO2rOQ
Collision for YI0hqBCoh5bkq_qBzox6Yg
Collision for 1Ss18w36sdS9uyHcGaB6sg
Collision for A-sKTu5YNBlBcdqrCyxCGA
Collision for Qcr2_AMDB4ZQAoBx1wsgyQ
Collision for CwHC33HIFyXqvvzyDQpweA
Collision for oUFhwZunyiUdK4MSV8C4eA
Collision for u8xWrHh6mm1eU9P7j5RQ5w
Collision for QgY9Z6qOtIF91ouj53WqxA
Collision for QuaaF8EXTR1Enb2xWuo0ZQ
Collision for NCMMkYh5URAXXl5sdTa2_A
Collision for n1j-DwugHiVUKQnhc6p2VA
Collision for lCTPUu0hmWLsCCxe723suA
Collision for Aq2ziFuvRWfpCM4ayVy5hg
Collision for 3fRnj1T7wUej2ZOlstK4DQ
Collision for Wfa8pBIndQf0Nisux-rUCA
Collision for OCjhUpt4NudIoihj63mazA
Collision for tvOwwmDgBC5qxWCVXwkIrQ
Collision for nZ-ARhJ0KnF7zYRIGzZgkQ
Collision for EGR2PENUlKNMahJfoJT_Zw
Collision for SDTx_Ka_4NC6Gnpgz9uG0Q
Collision for YqeLskpUVQgRLopBB1v9og
Collision for gewz5Y3PFdlaUJr5lOqmdA
Collision for T0N3sAwdML9jAlZu72IXZQ
Collision for 0oCmqqNm0c1kN5FQOYBBRg
Collision for AG9IiEfYlQ5EBCW0XyibUA
Collision for nkBYVs_gwenMH-o80txCMw
Collision for regW7hcy1AJX9mR3k5l8Mg
Collision for 3TlEofdbBpiXMy2xHcZvwQ
Collision for hmBJPyYkxADukMmOsnit9A
Collision for 2UiUoTiiLfs0FkObmwL8PA
Collision for 7bfvVjtjsv-KIP9zN3ZVMg
Collision for MPM9fDxhtXXv_aPd4U0tYQ
Collision for oxbs_6ak6G8IUraVHoamqg
Collision for oLhMmxL9l7hobdQJqCuB5A
Collision for HhAR5deTqxuOd_FuZfq1vA
Collision for Uynog9tyll355c5A9byZ9w
Collision for jxJ44WLXsnP5Rgl_jLx_DA
Collision for RAFmfo4VmZMD_uUZ3iNTcA
Collision for jYsgMqNvkqPzbgMUf_qFWA
Collision for G_8jOEv0inCB31ZWRDrVqA
Collision for yD7Tvh1vvj55dmaihajlDw
Collision for gwdL_O6Zy8L0MA1EJE-FNg
Collision for a_KNVlSX5ohPYje1c60yDA
Collision for R9ufFvsEk2UO6w2gqGUzBA
Collision for 8LJkCxdkV-Gk_4A8RXgMpg
Collision for BFNWwUIpPdqhRZh8MjRJgw
Collision for NCHPH75X-MmlboI6hA4r2w
Collision for jkUxzbrXuMPg_nr2YR8OZQ
Collision for fkCarYO1iAl0nLKcQTKUMw
Collision for LpM7ExoPr8gjH7RPUlmmBw
Collision for R1XqqqkfiFQnXlotMMIeAQ
Collision for OZnlBvXuKxjaScXWuSzHtQ
Collision for j60o4nyov9fmeWLLMYFPiA
Collision for oENgYmmp_7vgokIOWu_fJw
Collision for _4k-EKnEbvj_ngo37WlxRg
Collision for vWJIsNc1XqTpFqRBgJHBwA
Collision for qPvSYUGYjJKnEqubICd_tA
Collision for FlHy8jDjOaTrr0oXQ1myfw
Collision for NQpQl5BPBeEpghJPfApdFQ
Collision for 7LRu7fIQXtwsjZ74zKfphA
Collision for l8WOhFx_VrP3SMG3aWMElw
Collision for bILDQvD79nAkG77uwuWaTg
Collision for qgN8W1uhhsysVYwmeYD6yQ
Collision for yY1mc4TJLyV_IPk-s7rVrA
Collision for cP07Wy8hJ_CFXjb6pEMvQg
Collision for DzgUCkn6w0bb3t1F3vzVSg
Collision for G3EXCv7QgESCj9N_hGjFcw
Collision for s1rQK7BbdpIMFMUCKVrBUA
Collision for 6M-dtq-XTKM9DN0U_7g2fg
Collision for unIPorhJpDl52nAsvf2hcQ
Collision for 1-4aOUwMZOACtp_9aqLeQA
Collision for Qh6YYl9_-W5IumKXYEurQA
Collision for ru6K3_bzYh0QxcKfjqzVVw
Collision for 3jUr5u7ql4cuTe10XziDuA
Collision for 7aELDFTfnX5Kizk13YGUxQ
Collision for k7QgO3lAKU_S1kuLL6E-zg
Collision for aBICe24AXpn11lHc_o_ecw
Collision for GtPAopm1kTWvNvwf3MKzUQ
Collision for OwmAtR3YL2tHzdiwrjOMTQ
Collision for qx5fhUKtKeHXo4Fw_w0RCA
Collision for c2QMv-CIRi3UuTvnlnFXWw
Collision for ElKamal49-2RDf7G4ckOvA
Collision for R8wumR_eU1bsc6BSyYuQZA
Collision for jt_nd-6Kjgx8k5QRp_L0Rg
Collision for t8_wCzwXjmPufqSzr7G0mQ
Collision for e0iWLmHsGhLn1lWJWZ1HJw
Collision for MAkmPCo0S_lRMUmIZ-HfaQ
Collision for VCyBr2cESZ8yMWTB6Id-ug
Collision for VHLt2d_tXT-hndgC-UfvVQ
Collision for 7ToMQgPKuHh6X_5JrvKTLg
Collision for 9U5Iu2tCfc6uPvib8r3LyA
Collision for kTMgln2Vv4cgOqdiVhNmbw
Collision for BuFS__dKuMpS7fuTl2wQtg
Collision for Nwn2lHpath62gtTrPwn-6w
Collision for C4qVgX0Gr3dhdMIBPy2kQA
Collision for nQvuJIr8ndtwDAtjZH1PBQ
Collision for BMoigxmzsMhZIJwrfvazoQ
Collision for 9AfDq-h__spIXjE6B2Vk5w
Collision for FFak43enQXyyunRQHNSR6A
Collision for UM4E5dAJAGjsmfypqEblVA
Collision for hlwVSEy0RWBM810sGkwP5w
Collision for WqucLROD_lxSWg4RU0z8Tw
Collision for sKQNGievUEcs0Uxm9t5xOA
Collision for r1f3IYev9sQKaKhelZBelg
Collision for RA-Z3zQd5z3tR4zrkzzMoA
Collision for gAD57tk6eGlexighqadZxQ
Collision for K0OP2wqHwogcIvPGYOk71w
Collision for 1Og7osOe0bTY5dUhsZJfPQ
Collision for GA64B5KVs4z3uEDjUv-veA
Collision for x-dKW0zHMseHGnY6nYNw4A
Collision for inv7LCDJiODmshUmGqNaWQ
Collision for osUm_qe0qIhd1TuhIndvuQ
Collision for zJLIeWLnGuiM8HrLRV4GYw
Collision for zpdk3fA_FdieSPy_95N4UA
Collision for IWc4K1M3gncBPNRuDrk05A
Collision for nd2lw889-6vCvCROTITWPw
Collision for McaPqSioHzBpD3JfEzru_Q
Collision for iQ75XsFfvWeVcafnSMudmQ
Collision for DRqSpl_2xCPHt6_piQ0ftw
Collision for ONWnGhtl2llamoZmWabjxg
Collision for mWJG8x1ZfTWPj_wyb_Cf_Q
Collision for NaUHrwLSR1rMCuEav4bA3g
Collision for Bxnt2rAIDlgcFWIWP2o_wA
Collision for cG1wLRF0uYVEEzHKJyPtng
Collision for FXkDAHwY4FERn4v6AZSjQQ
Collision for o2O13pKnsf7ONEoGAnwtsQ
Collision for J51_taQXEX19RtucIe19Rw
Collision for mSmLQEIW185b37TfN1T_Rw
Collision for ekLlC9JQ5dxy1V1g0yL6rQ
Collision for hA_9vRJbYVFglZ-AvsoLaQ
Collision for O5pvuv1hto3z8pBJ5L6jCg
Collision for HlMhpP2SU9zFP4-ctBPLTw
Collision for 5BDgAVp4Fl3JFC2hoANs0A
Collision for JQb57ZrTfrkfuvtsvg1soA
Collision for uN6G9Lx0HuJrO9M4YTI5qw
Collision for LWvt44GCweY85UBbqMdhZg
Collision for 72U-z17E7b5pRJiTCY9GPg
Collision for VNGWBtcWaAZRxQ9SJAog3A
Collision for Rxe6j_t5Ieoy3qpQIljnxA
Collision for rpZLewPN5d-zxZeljs2KDg
Collision for BJNT2AsHhh8jpIwPU9t0lw
Collision for ueTCjJEpimwMEre3lAfFSQ
Collision for P4kAKl2fFyd-Ms9hYL1bmA
Collision for XYq200yqNXdHf8AGRH-4ow
Collision for H0D26Rs0VpaCBHKU2ytyAw
Collision for TmToYXp9a1N306M7VCp-ZQ
Collision for 2pgn6hTt-rk5UuASePm-CA
Collision for eauodxqef41k7Ijnp-XHVA
Collision for A2UsNaygLWYyIlkY_DKckQ
Collision for wQkjcb275I1dGdSLTTix8Q
Collision for AQrwStgb7HzFJqKsGK_92Q
Collision for ILPMPUoY08dI0gtS_iaIhg
Collision for 0HC5L5by0A-7--pz4uhdBA
Collision for ePKVaSkhaaGQxPSm6WJFIg
Collision for G4MwsbLm7hWVTTRAKeWZ-A
Collision for oqeWliF90PBftgRaI2acPQ
Collision for cgrjAwkMx2-baZ6ku2o2VA
Collision for 1yXspxA3zJLgdaHa3OD5qg
Collision for v6fto0KtvVAAcfEeWZNWRQ
Collision for 2CWrKsUJkNr3pZ63_K-PNw
Collision for gG59kAEdOwN5r-pCqVrc-Q
Collision for fmc8aQFT29wBJXab2EJwIw
Collision for h_plEUtgPgHokkIxkwgqGQ
Collision for 7Db7WzISwMHcA9b5G4PwDQ
Collision for UhXBHyAYk2hVNnJ5c8-Asg
Collision for La8maABClMfh2rkAu5Vd7Q
Collision for jCIgzNGP48yufqyf9ISLlg
Collision for WTMvFPfVfw4iFFYFpLeyuA
Collision for 4L6RCPekiXSKdzA2U5BEkg
Collision for JvaN-0zd5qy9JeJdoiL0cQ
Collision for FRwN50bSoucdP5_cOhpSdA
Collision for hi0xYXHkXxMrGikLIKl28w
Collision for VwsPMOHHPKY80ro9rw8bVg
Collision for HYIelbUY1q41irzUZo7axQ
Collision for o_sz8Y1cFD-6RbZNiQlQqA
Collision for dmbV1OcG-d4jgi4Rbeo5xA
Collision for p_fg1n72znAPVAFkwYD5Vg
Collision for k86HGnM0Rj_IjEvatSqEuw
Collision for XCV1_RIJH5F8R47TGuGOYw
Collision for NobYz5wH299xiN6_qh6_4w
Collision for De28JHaZGh-vyBPDzVJBLg
Collision for CqZs1ffGmLTyyboFjNYLdA
Collision for pAo1AsJp8gUp_fQLOzIkZQ
Collision for kP-_9kYH-Lmnkh-Iqiv5Pg
Collision for Z29fDWYkqgxyx-woli-WGg
Collision for tqzno2q-GlsldM54gT2meg
Collision for _Um5kcNYIxLwwnj3gA4J2Q
Collision for k_5BCqeF1mFAMwdO3n-lew
Collision for ij0Z-oXSkgPooFRuUf0p4w
Collision for bsnngTbdUqwbd9ucua0LKw
Collision for HsyDGFYDwsxqdNgf1JiKxA
Collision for WJTMi6PBWLp8rU9ktJ2orA
Collision for oXDDJkepl5wACqMayQ8yJA
Collision for 2PqtOkjjieqNN5tOSD1ETA
Collision for Qcxo1uzkTZarthASpkUQDg
Collision for lsMaOz2ELQCdaYNMU0LmZw
Collision for h_5DFwT8YT59p-gwu_ew9A
Collision for WGoqSBxXE2xd-Ufc9_H35Q
Collision for 9x6Tkhsv8_ppmORxZh51Jg
Collision for eAENlz3uENG13-XiKjYO-Q
Collision for Nnujcv3p9bBJbHi3iYIh3A
Collision for 4DOCMmecbmtqkWh0Oj2RLw
Collision for j0R9CrhbDGA02jqzxgB50A
Collision for qvCY7P8uYBNtCtI43WqM3w
Collision for l0kjsLc_hPdMzu40O4Qq0Q
Collision for WS53JU2hJ3nQkpevLXFVCA
Collision for 0iZl5VZqTO-QR_3Y9fpIuw
Collision for PPh_fIJ8b9t4UkSg6xTYiQ
Collision for 7dMEc3yqj3tjrHh6zEgCXw
Collision for fNjC5rPB3qCh6w_LfKGNOg
Collision for GyKDWdKP7iZjvxYZMSB0Qg
Collision for 6I0LKA2pVV-dikq5n5RuIw
Collision for VrvUEt7QQrpBrVc4BAzEWw
Collision for ZZn-vPyUZoQXFrbchpULDw
Collision for 7rd8UweP6OkFAA1NmQKZ6A
Collision for GoGdhnnNJBkYOQLv-AR7sg
Collision for FMqLKtbjq_lb0lM37KqqdQ
Collision for IeK1SiqRBhQQVZIKmxjrEA
Collision for 4Izsaa0CWy1QfPrJjCRoTQ
Collision for bRkGf_6s6OnvyjJnCqTmyg
Collision for MNqZOaGmZLUZmTb7RW4NWg
Collision for 5CzVUBiaDZJgw9AbyROE3g
Collision for 65wTRnyrJwUU5cf5O5jI_g
Collision for do_EkOHGD4OVRHXfL2yIvg
Collision for lY-ryChD1BShyUpmvwAO9g
Collision for hCrWnF2Rvvi4BNKfXQSzPg
Collision for AdlyxUKEWLvqIKpgIkEzrg
Collision for Rx0ni-JULBWjiUl-OI9URw
Collision for bxgBD4jYar-nrJgbbkT4TQ
Collision for eqMFYaNYFjWQWaeL-gJwcw
Collision for W1AlvZhmaNWkUEud_faIyw
Collision for 6AHADCH0DkI19x6qsfTPiQ
Collision for LTJIQ7a7fK39TPkXAUPG_w
Collision for ETm1xlsWR75JqCiCr6E9og
Collision for zdKiVFJpt4nIKHc3byjTtA
Collision for 24HSoLA2djnKHsZ1tTuz2w
Collision for 2cRsIb8ZMDgDruMioMtBew
Collision for dXaAVHIEYmGlnTVKWOA5Vw
Collision for DguX1nPFXCRKfmMRCOLsXQ
Collision for YL3SWiI634HPV9YHsgwJOA
Collision for Hrc-PVCferxles6FL104cA
Collision for 3ic9b6mpU1JRmRNWsN2oGg
Collision for PjtGiyndo5otslqwq3AnGg
Collision for K4jHIeWwyApNY09O0ddtmw
Collision for 7pFwkKOjILVoNRiCwBwDuQ
Collision for 3ieOVGc_878dR8G7tYrXzA
Collision for 3N1SLDJQ97UAklcTIEOkBw
Collision for 5HF4KrSJZSSQFCMncReuow
Collision for FsB5A-5xuxkQMgUoyn-LBQ
Collision for 4UWeE3Ec2BwR9RnM5Q7xZg
Collision for qHbo9gNxAmEo-tXU6tV_KQ
Collision for HherBllwzonnkjV7TbsNQw
Collision for VnRh_caAtpqkVwlqv1-fmQ
Collision for YrdD-c1ql941L_QjqYP80Q
Collision for Zw6xBoAHFxqJ7hHQQP4NKw
Collision for 2844KPnIflctacmcvuEPWQ
Collision for HtgIrqNuC19mZep3webZIg
Collision for JNQJDtO8tDPGcr9irUIeBA
Collision for BKsFkUvsWEgqWCa-MwuNPQ
Collision for 6TC-1t1MHD7SU0FnEnc1dw
Collision for jLwkrWVfdTy8mT5rxNkWCg
Collision for rHKdfwkKYZx6EigFQM50hw
Collision for 0nywqTGOwBWqwgQsnvlYyA
Collision for XrKzGXbaaFZCU70_ETVCkw
Collision for yg8W7G4ReQF7OfWBDWuZVA
Collision for lqMAYr1DHn2ei7Gy8gUiQg
Collision for FkjXW9tMkaw39ld5Ma5Tiw
Collision for He3LPd4VtIO75a33Nor_6A
Collision for 3yRNvzcuClxcrz2JHBr_Ig
Collision for xdqC1E3pTq0n-tW8ZfQduA
Collision for luqn8B8btXOmpijDkF10Qg
Collision for 1vo2K-JzfoD6LZVk8xBMzA
Collision for 0Y3n5FH3S9PUzX6hwffZaw
Collision for uD_lau-wxLc7ub4EzJC6dQ
Collision for UMiPmpx5jz_oI-yPTKGeug
Collision for ARGnmos9jYJlhA9hghf7HQ
Collision for YyB7KJknY0WfjT79OUUDQA
Collision for rxkCpemsdOl7SuiMSpgUlg
Collision for hhHh_vdBTpW-fR8NVeRk3A
Collision for hEKDkCOPn-18B-zPUFFg-Q
Collision for BKDMPaSx5FiikEWJndGhsw
Collision for 3hFtuAXAwRw4eSWKFxoaRw
Collision for 7b1i2fsaxws-m-O65Dl9XQ
Collision for RAKWYUpV8Db8Q0D9PNSM7Q
Collision for 7Rlczo2HpSby7rj-3mMX7g
Collision for WoSmJ6C8UrEqaEkIyeP_jg
Collision for JqYM5j1M7qfLPkpfj9IxZQ
Collision for uyo-CndGYO42UnQK2KrNdw
Collision for CH2GHqL1SGbpiilJaWTPmg
Collision for TJag-fQtP014wHz1C614-A
Collision for 34NLSX0OQwWrqlBjzpO2oQ
Collision for kbUovQqyQRslo_nIqkFhKw
Collision for is7Owq6Kn_GdH2BErtZu8g
Collision for 5ns_u3sNY9rYrlOk556Pyg
Collision for HV1rwdsSPaB0VrScD_8p2Q
Collision for QK50TLqcKoX_dyweloRc1w
Collision for Ss2p-ReKY1CkGgjpmfCkjA
Collision for 3OeCGnUVGnZoEATX7d1U3g
Collision for iQqzxZydl3h0umh15DK6jw
Collision for Toe01iy2Jfxf4jJRjxxNng
Collision for hUEEemVX2exp_zITqH6DUA
Collision for NdB7HjXcGo7eRJLWO4ISdg
Collision for rP7rZpDUVJdmvBQuqMViyw
Collision for 46fxRMVfjzWz2E_h_9ui3A
Collision for s_iZ793DvBgBgpZDzpRIyQ
Collision for GRf0nAWunRRTOYgvshqPEQ
Collision for bt_LdiV3nmj6JsN-8w5srA
Collision for Ubs03izYxD5nx9REo65vww
Collision for 2DqWJ96L4l2-OE5TAlfIiQ
Collision for OLY0ruxU94qVzLjLXxDOww
Collision for Orp8ACnzanioFWz-NZGGfg
Collision for gel8gWCYBjMMIE_C9aXUtA
Collision for lZEsvCL_ETX08NDe5o12Og
Collision for ejS8H4wQd4yT4c50rHlJyw
Collision for DAv_ybjhFTEJ2z34c-x43A
Collision for K1MsytKgMVqpTfiey1vrpw
Collision for lmH7pQBbw2RHYPpkShq3lA
Collision for ifaTnODY8Fy5m47Tios4KQ
Collision for o2Lwolkqdp3IBSRQYw-T0Q
Collision for O9houci8yQlXR6tQmCsNVw
Collision for qBGyDv2IQn3_8v5AHD_iBg
Collision for ssQ4S-8f4cT68nW7xhc3Sg
Collision for CPJqCOgJvA9oo53Iaf8SSg
Collision for fuFuBq3hUGYH8XcZrHvB2g
Collision for XlTeh8sO39M_Eplxo3YhYA
Collision for jAb6cHA5nnKTlh93U5Fmww
Collision for 6wfoid1KsLcYILlkKK8zlw
Collision for RmjklPNltois9rz7MxQcSA
Collision for ZN5CtANQiamizBT9CLEN5g
Collision for HktdbWtuVpjpuq-klcFTzA
Collision for CDI88ozWdkGLEsPpLaHaDA
Collision for qNgJKHDRbSSTWolcbfW_gw
Collision for aR7oXDWxT8Mab5Po8KMssQ
Collision for TcFlKTgd56j-XehCagiWgg
Collision for Fm9IGO2L6Ft7kK1_wxehug
Collision for Or_ZI0M8uY6LUJrexGQJNg
Collision for 8TC6s1ZtI7O1aMD1IeCKHw
Collision for dI8JdLP1kWTTMqUmHN1IPw
Collision for ID6gP0FAklZJjCjClgNgnQ
Collision for LPrZ2JgyZL4cWQUPzXMEqw
Collision for 3SdRWbdqeqoC6ofqkFgfmg
Collision for 8gcRHNvV4Tg-ekEv8ldVLQ
Collision for nniFwUSeYPUieUClGJRr7w
Collision for 92nqi8kQSAIMfzE0f-kDvA
Collision for unFD-wXj7W3PUdOY6IuphA
Collision for eFMmnJpyck_VqovAXztJbg
Collision for 6FTQTrCrF-dHhJKgYIxysw
Collision for fW7EQOChuZhRnXXSe7sQbA
Collision for SgNPEzRZtr0w8-PfE8f8_A
Collision for 6JwN_iWaYWQurTQ_vXfemg
Collision for pHq2-Nd9wEcSuG6XAVoChw
Collision for xhdNLPPeX612l9ZBAdixAQ
Collision for vt7FUtVoOzQCD14GFmrniQ
Collision for cIKHsI_Zo6Vek3ElsKLJaw
Collision for cPt9Rw59b0dueLQ9pd371w
Collision for vGNiTvHRG95XV7WKPpqN5w
Collision for ET2rGJZIlYaQpSaiB6SbRA
Collision for fCfcHqNEC3akyZcRt5_Sww
Collision for k3tDjF_8gYHZrwEZfRU6kw
Collision for 2NlTsYKHzHBL1Uj3eBGVbw
Collision for o9VYp083cVATKNEJ_Q394g
Collision for ZxIWesYaBHLchqsfZjkQlQ
Collision for wO0OuyywewEObz-t97oZpA
Collision for RoskhF1AxLiSt31ZHjAZdA
Collision for lyjgAlSFBbfTgXz4OpvMBw
Collision for azS9R5CiMBygx2wow7znng
Collision for xHbxIyhm6ajyMywm7jJm5w
Collision for vRgntsNf8tswLKzbxcYQfA
Collision for 5sSdSJyj6nYoVbHzn9GlGg
Collision for o4Lbcb0ntFSx0jZSaXXznQ
Collision for 0D0x1Gmn2ZnGaoXyFz_zFQ
Collision for c2H92GfpNeRAQsYaXqRHmQ
Collision for QTv9VYz7B4bZquKE1ZnzMQ
Collision for j0RP2BpiVMXw4gq3psHUdA
Collision for uxxc_HVo-stpZwxwyH3EtA
Collision for pBbJe0xQgQIyywhemQwUHg
Collision for xLOe1Rh7W46vKsgDePKPuw
Collision for ow7IMARHQxi5xrfI1CRgyA
Collision for zev0r1S1Gsan8wUGkQ_OgQ
Collision for SBiKZktt1b-7I-rorQ1nsw
Collision for iQoaC-zikUuHB-uKLzgR-g
Collision for lW_1SzBblkXsRO0jsgkVjg
Collision for 42-ctcoiD9MtbAn2GgYI6g
Collision for yqWPdrNBxbp4ftL8u2X09g
Collision for MQk7wql70LEf-2_N7swfNA
Collision for aFF9P-IEe6BSpDnJpAgQYQ
Collision for SKyknrmzocyF9AQim5dD0A
Collision for zpWnYILnnY3gQsfTWBVhBw
Collision for Rim4cAHxjQMdxdXq_Vj8sA
Collision for -IHb3I37NQSSl9jZwIr17w
Collision for vM8IZzWU7uLp-qEywRsRlA
Collision for mkx_f2bcTsuGYdB7I2ZT5A
Collision for HyaUbFdI9yYYg7qVBDo7vA
Collision for SUItMCI6WxAGFp8Fgi221A
Collision for e22LkKX49SwktpCDFZhOjA
Collision for 44mEn6URFXLPU1Vilm9aUQ
Collision for zp_GBiKPdIp8nvGkHqjBOg
Collision for fV8Nysbws-sPgC7WhOYDEA
Collision for s06sUOb8OUPi2Pv7Fq7cSA
Collision for xRqdNrNJyMjcYxdjgoTdDA
Collision for AAGI8DG8r2C9QlO7AYQi_w
Collision for MwlM7JiM6kQs_u-VcPRqOQ
Collision for OIQSW0idRUkwUKmv44tQ2g
Collision for FWA-L59OH6dWXrdC-1Lydw
Collision for CKSD0G77TE10hXtAlead5g
Collision for hL0ahNq5uuIMdwZklvDerQ
Collision for PZg4igWPSKt3jrVFrzpF1A
Collision for iDYhyrhnxmFOr1Y68yJmSA
Collision for 86hTw7UokTWsW0IsrYG3tg
Collision for rvJ7HdAcUWTwrfz8X895HQ
Collision for kM2iqdh4dMTZOENbHAtM3Q
Collision for 6T7H-haJgvOWX1BzQVK0fw
Collision for JAyW7wMgfEEYlJu38bnT2Q
Collision for yxkCnoRboObz7e4zT1ZkLA
Collision for 4x7SvYGVG0pKKRHOSh_0Dg
Collision for 8plI7bgU4gv9lhxW04vh5A
Collision for P3F1VWZcLtJMYg1MnIKuTw
Collision for HODUPpmGtuFF5nbABRMLpA
Collision for VkErbMKFt9zqU5VBsZc_Pg
Collision for QbrzUEfBd59jwtJtjpMiHQ
Collision for RKY9e9lPz2IUXw2fkQAwJQ
Collision for nXzhVeSyMudE2GEjNHB5lg
Collision for KZOBT-81BKNKgA7Eo9B9ng
Collision for IEf7lawE3E4xIiCi5LM4HA
Collision for vnfM-bu1PWMWrlbQbHkAFw
Collision for VznL3LBsFq6cEE-4vfo5MQ
Collision for 4MBANOpqbQ4jmmaMaVew-w
Collision for wdYurH3zegvOr7XBXx2N5g
Collision for soSgQVxhUorZTY2StCu4RA
Collision for t44wkG6LWl1p_gilAfzObQ
Collision for 7cIZ0mQAtquVjjhl6qmPTg
Collision for GN1QxR8f2PVeVHjzCwlruQ
Collision for LSD8nliOdsnTYPzhJMo18g
Collision for Xl3PQk4IjakIc0X5qDYwqg
Collision for skq6dmRiOxw14q0y7ajKWA
Collision for BvqSTdXNNtv-PzG32YelaA
Collision for HfiK3DZUQ3BX9kwt5Dxzyw
Collision for SDwy7UGYqB4vOP02OQV7Pg
Collision for 2W3biyWZMtVw_CvKDNuipQ
Collision for vMWnpIKLns2gbyjlHioYmQ
Collision for MRC4v9KDrlE2ATX5Ts6UIg
Collision for RCr3EKmdNHJ6kvzYECnc_Q
Collision for qC5bmiGw0t0xZH4Yqw4PJw
Collision for S3GyeTqR3u_iRvHDfS9jLA
Collision for tFqSbZXCI8AMQGFqISEYmw
Collision for l2be14lOWkxtWLkuLkx4pg
Collision for s9bdKTiQChcA60ohDifOCw
Collision for UhvJmuwa3PdMqipAyt_Xtg
Collision for ZPRn-W63imDBd05mPS5PlQ
Collision for ld1-EhKU6ZsjYA066dKAHw
Collision for sx2TFiwIQFtNjSn3FWcpGA
Collision for HxhDge8ofdvAWT5eoYlO-Q
Collision for aSpwNV7hoHqWy2afYBxJyQ
Collision for t7zu-Fi1g_6g0UPBDqOwcw
Collision for Pnqz8BQVQC6Z4KxXkvDIKA
Collision for lo-1c8mjEdOYYJ_jzLCoJA
Collision for xf6tnIzq0CSEkBLLowQocA
Collision for PZ4qE0nNUEGZK_LU6Khpng
Collision for x6CnP5I9u8XFhciX69Oo3g
Collision for RySkf1btkGM-fTRxKargug
Collision for kNQrQzh2IF8V2lSPFiMsrw
Collision for AMbsAZNDiIXgiHn1PF073A
Collision for WYdCXqYV7Sote4nDKy03Vg
Collision for dSxfJF5MgKOtzwwrCuQQcg
Collision for N998UIGdlm9qQ94DPo1cEg
Collision for qoXI6Q9OkT_EK-gtJ1-pig
Collision for E48tlg2vjsL8sF4AwGJBew
Collision for ImWASN78A0pnecPO-wsdew
Collision for GC5XfHmBb_PhCeSd62Xa2A
Collision for juS2gmshECTPTMCRWzofsw
Collision for 4kxvKPrmK-f192pyaYrwkA
Collision for pR9dUn2B5q-p7gS_RmL9zg
Collision for QDJUGDwjZN90emX8B7hPBw
Collision for 3z4QYiBJnvntrU3S8c48mA
Collision for hRaXj-CAUMokmD7RUPNL_w
Collision for OXY5LoeP14jU_2swhFwyQg
Collision for kMk_g9y9aLbGCsHAXsSSsA
Collision for zdYrujZ5K3VvMKh4W0yQZQ
Collision for KxH86CWr44WhzrsTKUlhug
Collision for TJ6scsePOuaoGNbOeUYBqA
Collision for 8dP4aSxkBVmLmNUCzk77_w
Collision for I-kvHBalOQe5JP-nA-vPuQ
Collision for y50zlmP9fbfW1sZhaQ0fNQ
Collision for xMRUi2XvoXPjuEE0tJRalw
Collision for F9a_JfU0TA5ANlXfQJ_Mxg
Collision for THDYow8PMgCSM_4-Ksrofg
Collision for D7u48Dc-X7aH5qMwz3CUPw
Collision for YjtAFoFk2VN6exVwGNZ_lA
Collision for GcyGIXmcIv5bvnD4O6wAig
Collision for 797DJryeAiPUxkM0BeBZKg
Collision for 0Ma1B8WGF4dO8LWeedaQQg
Collision for EWyoc94yzEQ_J3roukQycg
Collision for VPeF8XmHQKAN03MqzVWz8g
Collision for GSmWK19vPSXmZoKPDXeu9g
Collision for m0DwlvIV_qqSXQM-wG-tkg
Collision for IjIZZKTBBwkJS6mUZ3D5Bg
Collision for n41f0fUrYEZSjouj6FTgPA
Collision for TqptBTt7lsMaG9t2DzvseA
Collision for y2fI2M-Qw9krB1VCvF8lfQ
Collision for olNWKHuNbattsJw_NvXeUg
Collision for n_gaaY3XQpQLpg1cPAZx-Q
Collision for QLS4QryMDsE3Rf54zZeeLw
Collision for YkuGHilkUQW9aBm4CnZrOA
Collision for qWQ4ySOaRrSwu91QUmc1og
Collision for PWTGyI96CQZZbk6UgS-uPw
Collision for Rs-i_c6NHbIiSRvUklZLQA
Collision for 9ZpxRPphreXB2_HswzO7hQ
Collision for leRtCt3GbzplI5DIqG0WGg
Collision for Ks-05eVYR9rE4iK6G76ffA
Collision for krZs_KnKK9RpL6gUGXQaNw
Collision for qMfAqeIiXLEorjIAj6jE4g
Collision for esU5EB1ca48gimMBEHl4GQ
Collision for yl6GOCMlPpwriW4NL6msPw
Collision for BYa50amz-KKDbSryM-ut6Q
Collision for CofRApbabytxyVRY3Tt-lw
Collision for JBRDo3zdXMtvm__WjXRJew
Collision for RA2hKfUEWY--HEgf5r1ADw
Collision for sdUgzHz_fWcpPetIcmLmRw
Collision for 10dH3wRR0BOKGPqwqp8-YA
Collision for n-rMKEKdR1rLUY8Ml2zdHw
Collision for ho1IQIxSTxFFrruDhBd0kQ
Collision for GG1SEW0Uj1T6nyJsfRNkEA
Collision for AHT0L1tXxpfkb_Y-ooF0yQ
Collision for AokbNs90ihebgDQlj-uL5Q
Collision for -51D1_lG19cDrLxeJ2qYuw
Collision for KY4LlKMTokIljeLL6_TpAQ
Collision for YTKlZpIPusWMMfYBi8WGAA
Collision for OvMwvnxkHZsymQ_lNLNxAA
Collision for NhMSp7j4u48UppVvwz7s5g
Collision for gVx8Ljr50g4Y0VF1I44ubw
Collision for eCF0afEoMF8AKFJF9-u3Cw
Collision for YPsp0wqKrRT8Y-VwyFK9eA
Collision for IO2673yY4zGGKtq7cV4FAg
Collision for zZGj90-LsW8-WVKzxWdSCQ
Collision for KPHLeUaz7tVe2DDh10kx8Q
Collision for kGUYxdMLGKWbs048CP5kdA
Collision for p__5-7KU6fOkOqHpNryTeQ
Collision for aKQtJSvRk3RXVbCXQOPQoA
Collision for 6R1Be35FafcSo0vjZgbTaw
Collision for rPoSuUeNbHOBUgTxFAiQ9w
Collision for Sv7hgVNovRB6JoUpse5twg
Collision for iPf3Cpqi4Bi8ANTZ9lKhcA
Collision for NqtK8-cMz-PulKgUHyc6nw
Collision for _iNHckqkujipOboyyil0vw
Collision for m52mVOAuIY_KDtp4TnZTbA
Collision for 3dUAQNDUV3_RUGpG-UYe6Q
Collision for 4secOPPuW0zDWO6IJYKTjg
Collision for XNTk8jd5YfTL_JNK3fEGOw
Collision for qMtsBnWNfABhrsq1NrFeHg
Collision for tU0YaA1BbMAPHjlAzJIr7w
Collision for ZmdHHAsP4gcXkgY1wpiNMg
Collision for IG5egsReGrH3vUXi5j6N0A
Collision for FYNfpgcPIHIFcwkoh8AlUw
Collision for J8wTjX3KwOX1gsRaBoG32g
Collision for PDus1tuIe8PDA6aFb3IYGQ
Collision for -oCKocUErHVb4qSHzK2PdA
Collision for DHhA4nl6yVWfIMJJcnu3fA
Collision for 34-Cmjte7if2IQ1WVXwtCw
Collision for XPud_8KVmrc13NdwYDEQwg
Collision for iLdVsNvc5LtPjn0391uePQ
Collision for 7on0RgVHmmI9fUQ6USrqYw
Collision for CzB3HM0115_IonXz4J1YGQ
Collision for 0578kiachDFcEewvF4GhPw
Collision for qxG8eW8ah1mig96SjLwhaw
Collision for X-QlLZVPoTSaA_C45-UAeQ
Collision for 1N3wHfQDgqVfsW8Lf-TvgQ
Collision for C_NE8Jap57CtT6WvQ_snhQ
Collision for uT0LAj5ltgRt4qswhjb8Ug
Collision for yJtgMmUF8thOv5kwVmAZEQ
Collision for gP4CY0OWYn_JVbckCUHypA
Collision for HGtOH9gJMgc4MptuF0O7AA
Collision for vRMVOgzhLdCw7kl_47odug
Collision for xYCXRF6f4oBEEONQFjIiHw
Collision for 6DJBZ8lz8TM2DdayW13wEw
Collision for c39MP_gAk2Dx8tTaoKXrrw
Collision for KZIuT7GIwnnwXKUiDrCQsw
Collision for PlD9CySVFF5fsFYl_2cmBw
Collision for mYrx4rQLXrrdVV_nAEeF_Q
Collision for _gybFfGoQ4h7e16gyF65nw
Collision for JjlepfPT_ubOVA5HU37dXA
Collision for vBTSXv2C1WFqQTMyd03v9g
Collision for _JwUo6jfJxm0oxb1b64RCQ
Collision for BmiAPtFATlcYDTDbJTWkmQ
Collision for oO9Gnhi-rCDEBM3l1TSAkA
Collision for Y9QUCi2a3PDCeFUT73x_wg
Collision for CVYVUy3Ig8Mjrsz8fDJBgg
Collision for mXWMZpkY_3wU3hxfYt28jQ
Collision for Ncfz_O2_eP5zwzczCu5C6w
Collision for 6viyzGqmSroxKfOoc8vzmA
Collision for Le5eJybuqr-d3owmdlRN7Q
Collision for DwbCUVQ7JEvvtLAq-iVdQw
Collision for ffogCRrCaLJOxiuZ9eVnbA
Collision for 8bv6K8v2Q4CiQQj9_j9jWw
Collision for -fvfBxjdqr2SzyrGsliOxA
Collision for IpzR4nbyfdjjZ7H4zJa9hw
Collision for jUVGvx1zUT0migt-cI9qJA
Collision for v34AMAVsnVh46c3AvzUNUg
Collision for miVdhMSph6HHqv34cUkj5w
Collision for f7OGVLlDYRsZnz_qndk1SA
Collision for sFkRuWTvNRVr1uo10aVO-A
Collision for oO8JF3k3l51SBZw1WAqw3g
Collision for qqKqEuygLqP7dJsozuOcWg
Collision for ixTTT9IhseUl5Xpb0KgbAA
Collision for ke7WMaXOx5m7G-EA52uVdQ
Collision for rAvmjXdFzFLMWUHOINYuzw
Collision for eGaOb2egEjIsgqb1qEcJSQ
Collision for 6Q1Ils-Cki9AeUw5JWt91A
Collision for MInCDEBvOQ9NR5u2DmkSgg
Collision for ODqAU-IjdYmKhEtcoA4jEg
Collision for 2mnWE8gl0RkwkU6CDZVkqA
Collision for 5RP4lj55CW-itYHMkyb9tA
Collision for MFA5-NLuUXbOsRQAN3nvyg
Collision for AMcM3YLyWCB5DzQy_aAFHA
Collision for oVB18QV6pxpzoR2Ey6cJiw
Collision for H0RZd2XZX5oN9W2FRMrwdA
Collision for OwMVSYRjk8p3bFS5OEpQvQ
Collision for 4q6e1FwjAXfPf1tyVRXg6A
Collision for WRYirwBZq4bT2Mo2QYxt5A
Collision for xVKCWqffiuh2gYdoFzBzHg
Collision for 6La6lPIqn3FqfnWiilUxcQ
Collision for 3ezt1RBgxesa_I45lNsHUA
Collision for KFcTcoUDLQKif846fbwR9A
Collision for 2KHBO5cHx-QJzE9TjSwPBw
Collision for IF9nLrB-MVz6OJWacqOBFA
Collision for BATJSlg0mMGstDeN7Yh3iA
Collision for 1BTEsqQiDqXpIxMeAL-9Xg
Collision for HZzJ-XKOzfh0jK0vaYbc2Q
Collision for HrPGn9dj-HfxiyA5fHRIQQ
Collision for KSu9gQ99RJTbxex4LwCPaw
Collision for eaMi813Gt3iaxka6EFiyBw
Collision for NCFE9ScPdnj0BG-CgYr_VQ
Collision for -ifLtmWASI7YPeYXibuLEQ
Collision for hcQd9sFzFgGFB0BjgoM3pw
Collision for 2IY2P7cpQOMLcw6qOnMV5A
Collision for 9n0fvZBU5bBQUepuD6L-Lg
Collision for NOnOZyX4jZ2fafbEUU2Haw
Collision for ScdJoAcbW-2XFMSja0kPwQ
Collision for CHhTfJTKCcj_oCIkoAq6Cw
Collision for vMs8OOYb6Cs2OfBft-4cbQ
Collision for u7viRpfKT7AXLeQsxBf5KA
Collision for INN4Je0DRb96AiaXsldtMw
Collision for sk7rBm6aZnB9L2xH4cXzZA
Collision for zzj7Rv2dBtwDQDW0nlt94Q
Collision for Xw15-eV74gqkYh5HGuYm6g
Collision for bZCr7LCqwf-x3mVFNLToyA
Collision for 24ySsy63Ft8vove9ZxRypQ
Collision for q5jFuLu-2vS_o9eW3SCSGg
Collision for P6w8NxiINSDbHoCjsr_QLA
Collision for YBhAHmJcEC3bxVwnZE0zrQ
Collision for zKipH-igZTyr2W1oNd8Pow
Collision for B2X9dFFEfGEMwdaWYq1zCg
Collision for -6XEtENA57-I68rTnQroHg
Collision for TtUQ2rNdV__R68JcggLp-g
Collision for asWAe-0-e2f8qhmYRitW8A
Collision for BkIFkYTRZ_B2PaJzr23B8A
Collision for 8G9XNdSdWBUFNr6hjPP3cA
Collision for Oa4oF7dqbi_ar52BP-Ro6g
Collision for aaoeatCcFCu34nArys07Zg
Collision for VTnx7Zqmc4EFD26Svz38lg
Collision for BHhod7ba48TkZ9KA-JgNgQ
Collision for nG3elJG2miPbqyvEWOjGpw
Collision for JCxAceCNuTKf6RloQIoNdw
Collision for 6P7P63rDdYeAb3LuopSzag
Collision for HYIelbUY1q41irzUZo7axQ
Collision for zy_y30KmqTtZW4GF_kdzGg
Collision for 9tuMIQqC3fvcYIaYLVLNOw
Collision for WTMvFPfVfw4iFFYFpLeyuA
Collision for bVd9puo5K3EbnE9Xdbl5pw
Collision for AHrxBBiN5U5XAsVstf6_-Q
Collision for qgmMW_bspXgY0-BVYujpfQ
Collision for SNqQlCRNFzfs6Xa_EvJtUQ
Collision for RwdkvzPt44hT58ym-YPOsw
Collision for k86HGnM0Rj_IjEvatSqEuw
Collision for 7dJncfokGU_2P5FnsZbKIw
Collision for I8s6GoI7EEi-q7G9WhLJoQ
Collision for De28JHaZGh-vyBPDzVJBLg
Collision for EDW42mpejwHnQFP-M6hnww
Collision for egOV-seNmGdJDSEYtB3Jeg
Collision for N08EwFaUegu9eK1jJTEtHA
Collision for gBPds4WpK4ssRl0ufz2nSw
Collision for fQlThj0FtiVtSOm-Bwfi6Q
Collision for 6pjgaoeomB5gl0u978EXFg
Collision for Pe8I_i03aHSpZwefl1H1XA
Collision for KZf-lMPe727Txu-Pz0pBoA
Collision for x4tweOjLyeSurYRDZUTZYw
Collision for Qa6JyMz_Qt6q93FMVLCBSQ
Collision for PiOWrjKo-DhYQ3an_LzTRw
Collision for zONk4koF-n9XVSQI734x0Q
Collision for wQ8yG1ZXg3zsvoMKpYM7UA
Collision for tKVc2ysBhmymTb2Qvo8BFw
Collision for Ta0O2MGv_53P1wkTOl5gLA
Collision for fvuqCOh9mRDgtq36a4Z2RQ
Collision for QtZUjtjz-lbiE70lALOifw
Collision for Uj3UeHbYSnFoXZr9pt83sw
Collision for tey3RSLX0pHs16cfvIkykw
Collision for BGbp7EJCaTaukTGQj0P62Q
Collision for pkTUIAnQw2zOanIqHxKlIw
Collision for j1sZb5UAYHpxxgCX_GwvOQ
Collision for pcPJ_BHsJukmliaIn3pMcw
Collision for f0DyUVj6829bMKjm4Uzgwg
Collision for zRpzQNzZ_8sP_pMpuOP1vQ
Collision for EZsc-hUozBftsVlH3n4VpQ
Collision for AL3LiELMG2i_FmIhIjwGGg
Collision for Th3XVjj5s-t-717T46bfdA
Collision for Ngc5-qzTaQc0xEdGFS10WQ
Collision for FGDdGo_3EhadqYJVdnaQqw
Collision for cyPUtZH8dqKo8JasgoUHZQ
Collision for lpNoV_JbfF13D84_to9oyA
Collision for 6L2uQebbEr45bSoaQ_EtLg
Collision for iK8zfd85-NsWVCOqFNj0nw
Collision for VyCjcuks_Y8E0r83EkrkXg
Collision for uYXnZA9ZsLYX-Zovc6495Q
Collision for NqgIVHWuZJGnfsyTnX1jvQ
Collision for Qkhx6_DHS8Qihd65Ug0EXg
Collision for Vp8VhtOPohH74K1mLK20bQ
Collision for T8gEoCKiIQwsCNyAOlogJw
Collision for BmiAPtFATlcYDTDbJTWkmQ
Collision for 6tc7lZhXKXy514Ne3WrxkA
Collision for Y9QUCi2a3PDCeFUT73x_wg
Collision for BCoOF9QZYpZ95k3x3uT7CQ
Collision for b_pBGuPwQviZn80lyLvZ_w
Collision for CVYVUy3Ig8Mjrsz8fDJBgg
Collision for zbzQ4fr-la_l23ORwNnwyA
Collision for gP4CY0OWYn_JVbckCUHypA
Collision for T8vOyny3sLRC5Bf7ddgxpg
Collision for HnpSb-KzyAecpUjct73zug
Collision for 6DJBZ8lz8TM2DdayW13wEw
Collision for uw-1RHz2dXVEOaqon7ltew
Collision for Xeal_cJvlGRI80cjBh5NbQ
Collision for c39MP_gAk2Dx8tTaoKXrrw
Collision for h3hNU271L07AwBgU89-2vg
Collision for t8V4oi0uycoIeWVzePsVNA
Collision for PlD9CySVFF5fsFYl_2cmBw
Collision for h8v1Y2pqDIWkZ7wwYGsjxQ
Collision for BQMwM-Lap65FevYjzGv_Cg
Collision for Vorh1nBPLtwHLV1aG9swvQ
Collision for HKvVk4mYrc4eya4ZPGnsKQ
Collision for vBTSXv2C1WFqQTMyd03v9g
Collision for 7iqcFWObHj3wBNEvnDCa6w
Collision for t06up1RGt3-mGR0IyjRJpg
Collision for idkbFXqZvxjYlPL9frotmw
Collision for 6xkvmZWcz-L_5DajXwfINA
Collision for 9LuXERR-PAInnJW4SNK8sQ
Collision for VDTyQ5DJ8FSGAeOn20ekrw
Collision for MFsvIPU8fZz_0f0U8HO9EA
Collision for nxlwqerHSN-2WTPVtr-YLw
Collision for Swtu7_Iga6H_Ukw5bC8Mjw
Collision for 6NsevTaV_ZZ8AiXf6cYCbw
Collision for MpPYF7uowvLX5yudkD8MPg
Collision for 4DOCMmecbmtqkWh0Oj2RLw
Collision for dYGTT7qX_cXmrPIgT7TZGA
Collision for gc3wapWFOGjQztsow4cBVg
Collision for Ek50COako-etgld8ZmoG4Q
Collision for b4XqN87LpqQX62stvPTWAw
Collision for b-9ZwIH62GG_b4Sal8AfPQ
Collision for RXJOVVrow4cZNYqooibXZw
Collision for 2oizJ0kaqK5qm9L27NTtuA
Collision for _Ct9YOO0ML6iI7k4_AEjXQ
Collision for _gybFfGoQ4h7e16gyF65nw
Collision for _P6xm8gnhexVcmsKDsN8fA
Collision for WsbH4lGbFtazAx2CSOnBMg
Collision for qiH0KP_hNpn7HURj02p3TA
Collision for vRMVOgzhLdCw7kl_47odug
Collision for 9O7mSeYiXk9YCFXu7sNw3w
Collision for RmiUKY9S09TZE1bJil45wQ
Collision for qvCY7P8uYBNtCtI43WqM3w
Collision for XsG3AvU4oohD3701VPacDA
Collision for WeMnn8yE11KVwO3i9vipig
Collision for oG53Q06542DUKsHuNLOlEg
Collision for fHKniBl6LgcsPL2DwqbEnw
Collision for Qa2kjHQ4zWUba17y6zqw1w
Collision for W6p7AXHoDELcJT7vKCrgRg
Collision for XgI6HovQ1cQlW7W2cQAo3Q
Collision for 4_fftWUZHBS7zkaFE1Tu1g
Collision for OglHpvW5eVFXax0YYaieHQ
Collision for TEOSHfTWJnC0JGA0nIaOaw
Collision for ytvuXraW8m6xxhfas_dOog
Collision for Wxf5DkRfBXYG4deAcXnXbA
Collision for _C84Xsllw8O_M6cmf_hRig
Collision for bvaWcpymdTyTrZ5MjkQK4Q
Collision for Q3tmutdnau05ypx_uSAcBA
Collision for cxic2aBoJF6XEutwCu3OAw
Collision for lwCbc5bRLShLBIrjFsC6AA
Collision for fPC0qFEMwr4L2DdhroxqDg
Collision for 2edLeJmaCRIXOvpJjL-Mcg
Collision for FPb8hHSskDvfaZm8rWh5sA
Collision for q-aeR9zO1lShICh9ScN0kw
Collision for 6l8d68zq2iiwN4ssnAhxCw
Collision for vU6_ghp3SwfDmYPXJ99USw
Collision for 2mLQi6OIq0scwFbQjBGgWg
Collision for 8lc8qsBWo1izNvhZ05VSZg
Collision for HW8TaMXSflztHEXU4kp1oQ
Collision for luLVkKct0hbPpveJd_Hg_A
Collision for tTT0XXJMtpso5gwbWgtrkQ
Collision for IZphQtOtz5Ib-YdO5pigVg
Collision for saqMSeIuvjNyVp7HnBWtzQ
Collision for r_wldbf9bgv9b7uo2B3umg
Collision for Rk1SQFXUwHAlpfwxo5_Dgg
Collision for UIXbziGc2GO3vdp52pzrBQ
Collision for IpRDMOcSSLMH7c_QrN9NOA
Collision for kjpzdH6BicDeiVj_BQhlOQ
Collision for F-f48lDybxzqlHIYbPJ1dw
Collision for eDHer7eiBVNSqqHmjYQnUA
Collision for dGY-7AIA7QC7asutwh6_EA
Collision for d_tnWDPruRbPnszT7wtkBw
Collision for PULxkcgxP5HjjmK9-XVrNQ
Collision for BX72smnZcCR6vAUCp48X1A
Collision for Z1-qC2Qpw9XTt6ZSzEi_-g
Collision for AoJPQ5HB5j1cPuBiCzD85A
Collision for UZG4xmfs6PMCIrTVBukyDA
Collision for DRsw4y8VdWojGfu2Oss9nQ
Collision for 2FfVNjpXltkYX9ZQ3Efy5w
Collision for uepZZuCjcy7rv2b-dl_x7w
Collision for JE4v-C6_jvPiVQgfzpXEnA
Collision for OyJMMsRv7aZQ5wDZuEiwIQ
Collision for FnitSC-5mUhMi7r7ZLkwMQ
Collision for C2G4Nf_4Vi0N_dgvZrjXKA
Collision for 1KE_TxoO8QcTsRRQsTWqAA
Collision for rbZQsMmnLstVuubkCckzVg
Collision for 4Twnn3Tuba4Kb-UU5HgOcw
Collision for KEBzA-ABzlUeIFJIICVECg
Collision for 4lbsGtFwUi1Jnr2Kjw-_4w
Collision for Hh3abYqAOC-vUDTeIqJzXg
Collision for A45EAaP87OCL4691k2MKsw
Collision for Ll1O9CXf1i5h6fKv2z3oag
Collision for Fffpfmy5yFpYFF9nBk9nzQ
Collision for hnnobkj0r-zcrhu8R9Q2sg
Collision for xtvJJmV7X1SrxFr1BdESTA
Collision for gerk0gttA6DEWGTgk61Tww
Collision for -OUIxTWpFTq8VpvX2salGw
Collision for EoYoVsLcU9kaDVWmYEojBQ
Collision for IQSTrCrRnPFgXvAChAKp1g
Collision for dAWm1z7XNIIuA7clxLbxSQ
Collision for Bt0bY9Zt52iH2nEnsyBuzQ
Collision for 9lr6lC_LllZCNrdHwiPrLA
Collision for 7ht89VFN_vIilm6p_jt5sQ
Collision for _q00jIN5V3vuIb-2VU9tnw
Collision for rqGlA32lEukHvAxMvk18pQ
Collision for LYhP8VS7MI-dqabgcVCdIg
Collision for d2twVFPU4rVJbLH9RkAqdw
Collision for k5lySTjsxpVBgWuZhL1Z-A
Collision for Zx5hmoTTh46zn8uqG4-pZQ
Collision for p7WUyUNTBtggDwTDmcMq2A
Collision for Ox5Kn3RqT3WE1ZP9MezMUg
Collision for TyALkmJmRzLuHNSE5uOAhw
Collision for -_5pXjR3SbQ1VHy7EZ3IlA
Collision for v8-wL6_lQ1CYFxsGHLA_qw
Collision for gzkxgLFJ1AWIg6FrEIErSg
Collision for 5hcIQ1bbJ5MskrjgWPwjmQ
Collision for xWl2gnxHR9eMwN6LvGAj3A
Collision for cq693LxQd5ATg-r3VMgYwA
Collision for jhTKuYcpAcBvsE_mqJxsEw
Collision for RAnouOxZaimdtaq_J9PtoQ
Collision for UUOI0DBji63v9FAs7CjITg
Collision for l0so69ewOY0jow_kYRLWHw
Collision for gc3wapWFOGjQztsow4cBVg
Collision for JqV0LsGgiBh_y8FJUWhjMQ
Collision for WsbH4lGbFtazAx2CSOnBMg
Collision for QX9CMUbBvJQ5cxgknBVg_g
Collision for vM9nUJZKel-57T703ICbuw
Collision for RmiUKY9S09TZE1bJil45wQ
Collision for thltGhDG1g4aApTmCiBavw
Collision for Trb8aZ6hZG0jrh2zZdmvqg
Collision for WeMnn8yE11KVwO3i9vipig
Collision for e_QQKuZGXR5ADhqRfdkw6Q
Collision for fo0nOpGAJ00EtWbeHieqtg
Collision for Qa2kjHQ4zWUba17y6zqw1w
Collision for HP6tWeeojf7KDHLw7gg-8Q
Collision for ytvuXraW8m6xxhfas_dOog
Collision for 4gjgEcwbrnqfUrLr_LzO4Q
Collision for bvaWcpymdTyTrZ5MjkQK4Q
Collision for XSfBTc3dt_srWABwgU2pPQ
Collision for 9L-wu4Iy3URiojMaBPa5UA
Collision for seueKnNCupO5tnZyog6QxA
Collision for LTrfqH5YNj5sXP4tgdkvgQ
Collision for dIiUI2AjoIfYX1IfeopOzg
Collision for PM5g-Bl7KomwwstbK2TjmA
Collision for -CnM-zy1osUYuvv-KlMTLg
Collision for j4l_GWp4vkdkt73jzVeTHg
Collision for KyRf32PxPrA1QxzINtxYog
Collision for yXYR9S5JqB5V9enh8w3sxQ
Collision for coP44MHqeGO6btQytruCNw
Collision for 2bTabP3Za5seQBKI5PRITw
Collision for 2oizJ0kaqK5qm9L27NTtuA
Collision for 4_fftWUZHBS7zkaFE1Tu1g
Collision for 8vPJgJlmosEoFApQqX5-kQ
Collision for F79F5iz6-Wdu3uQBkAPMsg
Collision for O4Awq5MkrvIUV7p3nP_REg
Collision for KXVV8wLZUFjheV_zZk9uPA
Collision for zclkNsYPgwLA2Kb_Ii27Nw
Collision for NXuWPDvExCuMwmFff0BSwg
Collision for KjX_d1EQWuTX8PMlKd3l8g
Collision for m6tx1AAdL-fsYjZfB20xaA
Collision for OuvTNuMnx6yXpJZaDvDnGA
Collision for 6P7P63rDdYeAb3LuopSzag
Collision for GD7Vv15qHRvF64wI8V8oKA
Collision for M9tSeSjf0ao_xTFRMilpfQ
Collision for o8mdIymrCCSk0MuPkKjfTg
Collision for D9KR37e_M2I7ai8T_hR9dw
Collision for WK-8klS7M3jkb2SMI536QA
Collision for p_Ju1E0tio40Pt7Ahp0hug
Collision for kHEmwJkRFpjNGxC7qYTUag
Collision for cO-dgjSrRLxTITji1UA8Pg
Collision for lvam--srsLaCRnXFrWT7pA
Collision for 6gH1UdVIsOMj2UcKB59o4w
Collision for KVxp-qz951NOY7g27M7RqA
Collision for ACSLhvDjkkDZlKj_3UtLnQ
Collision for jJA6E9ikcXNC9Q1eYog3aQ
Collision for HpMSkD03tfdXjD0sInRM5Q
Collision for BurcUow-96WXIPSVWypc2A
Collision for iEI0BCM-5WhJW1f1CCsmYQ
Collision for s130syobaBJBycLLwWZ-Hw
Collision for kKLcFJ59_uuOBp3eReqK5g
Collision for Zzy6ZsuCVwaNowgO1acGWg
Collision for tk0hWA7X7WG3jQ0DS7BVNQ
Collision for QEJwb8_6lfg_m0Qne7fJrA
Collision for GPav6-hcPzY1bApf6qVBJw
Collision for f54qApo45Vcc8HkuijX7fw
Collision for 9eyL13NwOiPj4vAf7UGt3w
Collision for Ggy8RBDRJmb1Z6bdmPz97Q
Collision for OZnlBvXuKxjaScXWuSzHtQ
Collision for JkpjCiMn_uTa2Q2BBOnvpQ
Collision for 7FKcva8QkbeD4KDpACm3BQ
Collision for PTx3onUNQ-pVC-bzrd82Zw
Collision for o5LNr0huBkmhpwFFDMkkLw
Collision for Qg4sn298MEO40pQO0d6uDA
Collision for lp-ebT_zmob9aao7kGyJkQ
Collision for 9FtVsYYogD5f1cm11m4UVg
Collision for Z9K8N2aBLEQ2cyx3WSS0SA
Collision for zBq4RxJ-ttA5T4Ip-JJC0w
Collision for sLTsw9NnKug3s6wYpzSrSA
Collision for LemFngu9K4srRxFGbUnweA
Collision for 6Emcr_m_bQvU5N2K8I8C_Q
Collision for 5ohpykDdDacaXJVYX7dM1A
Collision for VF8DHpWy7JmuHk9ao-s0bw
Collision for CynHQszUMJnLGBkvq608pQ
Collision for mP_88cZDU2Dc14DzaFZpZg
Collision for rlunvzpYKQKPZnCTgzlUNA
Collision for g87Xll-XAaFt2UXgR6zxIg
Collision for _aTdPyltcHzblZnOV1oEaA
Collision for jzAr2ZTWofDPEg1UTmeYnw
Collision for -qL_z73MsHcxalxWb5vtOw
Collision for EDk2fxzYdaYRFT09o-TK3A
Collision for bw5Di_7PnsSxSdwBCpAlTQ
Collision for VDt4d9UC5fVoOvqRwbrBcA
Collision for K3Tst-cSL7vo05gH00gw7Q
Collision for 1mAE2WNnVLu3UnAQM9G1fQ
Collision for zH1_07HONFMw0-i2hAZUeQ
Collision for 92EOOEP7B4yOEmVKi-hvmA
Collision for BTvcm7BGe44zk7ZCdcr5oA
Collision for 8XdseVcLplRFB2VXyGJLHQ
Collision for Gf_-9Vqw1WRk6UQZ8yvB_A
Collision for Lwv27B_fo8Di6c1mgIOlCg
Collision for Ug31EuESSyWgRNy57fCDSA
Collision for gCKn-leIUH1mZbRaGDCvkQ
Collision for -YQGB6_BAIB_t1tLPz_saA
Collision for 3fRHG4n3BxqPKe1wV-qusg
Collision for xK64QALGLUjhpGvkN2Uoxg
Collision for l57oAmXmpO86mHUnGZ6-ew
Collision for -DOLEwoaRyjcPGQ9nCVteQ
Collision for UANp5j8e05OVNxDDL_MERQ
Collision for 6j0F8E3upXhivx1Y5iOUAQ
Collision for 6j4huzYejLMjEYDIW0jVdA
Collision for n9JJDkQ9SKNaVpu8ropYnw
Collision for IB4S5YDqLxYfTnvqy9EJPg
Collision for Ec07EWmBqT7iSZKWRnod1w
Collision for Ddl2hIzwzsuAeTKAtcDEcg
Collision for RAP1PXjALPNrijiUapl3Nw
Collision for nZYTHFBhV8O0V44YcudusQ
Collision for VgmVQfpZV4F5dwfd1wmeKw
Collision for 4GKJnJEhlQUGaHKO6jzJ0w
Collision for R1encVvEVzP2tgcHFXNpGA
Collision for GCkTRVwxW4DjFM-JoWPxpQ
Collision for 5YAkyGDJ9yTwQ2oX82xGPw
Collision for JSdCl7GQ0xZe5N-Uy8iEDQ
Collision for GOTuqQd6dNgjatNVIVgVAQ
Collision for ZtOYk7vvtrN6OkR-rO7l3A
Collision for ISPL-fZB6Xy0vui_R9SSBA
Collision for 7Ez7ofkLdq7sRcXqI7VUXw
Collision for AflSaCPeRbqKNiJF2ufCIw
Collision for RzwzUjnX1xs2yXgFTrcq6w
Collision for 2WGTe4UytYp4V1zqq2Cp2Q
Collision for UHLJwrHNr7W5poAyCKovVA
Collision for Vj6Nq3waJ4vN9jAM209LnQ
Collision for YpW9qUT-AW8tCM1WnpaTGw
Collision for aM8A-nQ940DG0ijowtUE5A
Collision for 2VElTXPO3l0gVLNPhdJU7w
Collision for PQpA_DcOpuOAlsph2kHg8Q
Collision for Zs2Vyy8W9zyIiaPpdaQzaA
Collision for aZYUYupXfmeW9gFXyv5edA
Collision for xAjSEpMQxXeeKOr-WzvhEA
Collision for cLIEq5Fzxu--hI5GUa4O_w
Collision for 9HZo02TFfHstAwo-ofzCJQ
Collision for Iioi24S85UWRgu2U4jHKFw
Collision for i4jcv3tyryGrXh2BvDTFIA
Collision for 0OHViY_1yFoy4nBNBbnihA
Collision for y8Km0VD2cRGlujj2ioe-Fw
Collision for aujzH8OeIUWQpAp2JVlx_g
Collision for N_sa27cxByKQEuT-YLr6HA
Collision for sk7rBm6aZnB9L2xH4cXzZA
Collision for FsB-JeFO4EpE9iITNuoO1Q
Collision for PPh_fIJ8b9t4UkSg6xTYiQ
Collision for E402_lFTVAzBatldqxhOnA
Collision for kIRfBWgg9heqZPv7G_4r1g
Collision for Ts_lCbFi4mfgtlSmvuMYfA
Collision for SoQmqDhV3E45simTPRRkBw
Collision for AoJPQ5HB5j1cPuBiCzD85A
Collision for DQ_3kT395Tya0xG6dhpw1w
Collision for Fr2W094cEppVo3HIWHDovw
Collision for z74n2EyDuGII6kNCjk5sPA
Collision for EnlseDHAd13KK5jc-8ov8Q
Collision for DiD1jEAUSoi3FYLqN9z-fQ
Collision for BYRLj6J-fXMLcWpJf-mFNA
Collision for bBPEQMC-uV5LD8C7a5SP_g
Collision for xWl2gnxHR9eMwN6LvGAj3A
Collision for c1PU_Axs0HI4JFu7ecGmCg
Collision for rCpyH0YBZ3vbV7CrzhB_ww
Collision for sZiNlchOluDZmXHbLZUEJg
Collision for RAnouOxZaimdtaq_J9PtoQ
Collision for MF5jriFZ1P9nyakBeV8_7g
Collision for 7iiogyGavbAFObNgNk0G7Q
Collision for rIV-MeuihNlklNWPKQFHBA
Collision for q-1mN_wl36-L8jxQgusEAw
Collision for LYLwtQnMlA-b2V1mpDWCtw
Collision for --6KFPRtYk61nHtAnlmEww
Collision for gzkxgLFJ1AWIg6FrEIErSg
Collision for 7ZJArzGQjmzGgCR7bwaE3A
Collision for N-iVsNP9ENR0EEHNlgxv-w
Collision for JqV0LsGgiBh_y8FJUWhjMQ
Collision for H2fGjALJ28wjNNODZQpBXw
Collision for Trb8aZ6hZG0jrh2zZdmvqg
Collision for j4wibJckuvVOvafhvKcdTQ
Collision for sMp7jFtDTSYOk87B5t_ljw
Collision for r-jKAkgDpmLZKSnIoX-Kyg
Collision for K0rEh4c_F3CiOEsjHEheFw
Collision for toup2YgwOfw817R9d5Hs7w
Collision for RRvPoMWdwBGpW5KeAgK8nQ
Collision for aLFyW7VhHOBru7irjKEY4g
Collision for gXBVNiIMwOXQbtATaOpjBg
Collision for Kiwyq0zm2IGChvD73oaU_A
Collision for golkQCochTdH1qCVCaveeA
Collision for i5AY_ai8eKnV9oLDYTaKfA
Collision for WFdN-PiijaabrTFhWZqe5A
Collision for JYFgmqh2PQXI8oK297C9IA
Collision for H5Xuq_QDXQXLiOl_git5Kw
Collision for xwvH2ttkDQlT7ygAsLVNGQ
Collision for Gc-iUlbdulzeVh4UWpHotQ
Collision for Ji9-co-WYB4KrAgOA1-6Zg
Collision for jMznUeM3VSOEyubL0FloDA
Collision for a_nGfPwIYQbIOBkp6C9THQ
Collision for APKlwEFgUnqnybD_iukA2Q
Collision for B7twKWLfe8HOgyVAIgocSA
Collision for m3w5Wp2JJ3r_o1K6WwHMzg
Collision for kTkPmCzjeJMzzJpM3VVUTw
Collision for nK3G-PWadMFrUypWU-qZJA
Collision for CWcjnK4YEIVH7ZO_kjLl7A
Collision for ATE1OvKpbKfQywmeWqijtw
Collision for wCYflX8vTpdMK6qaaoWwpA
Collision for 3Ov3CrhpNgfon4Y2c0rEYA
Collision for 00WYuuldgQE8YJHQPf--3g
Collision for S9VUPRyEJzh_wgYdoPOijA
Collision for oR5OUHzkx720cYm9T4Jiqg
Collision for BQaAnV97cNKrPv-2EbhSmA
Collision for Hes1X8fn9l3rfoWzXjwpqA
Collision for J_atNGv8d9R63ERai5w_jg
Collision for wHZbVXwZEjiNLUgsXGJpVg
Collision for mjNlODDPo07oOc-zNZN3VQ
Collision for o484y4PZCHjUnCT7KB6Kcg
Collision for IeObeuSiAQxhIZFFxOGfBg
Collision for rOt41sueFwnUnB-Yc27aOQ
Collision for xjkABpKAZqD7rTdfxHPgyA
Collision for kze91k8NQEgwQE-qwprw6w
Collision for h9MWpaGoseHNIYHxnldhRQ
Collision for DQD2uOzMUsWMpHIwESOe9w
Collision for -BfR-br3dj7zQtXstw3sHg
Collision for CEum_nvmOHq1SQb79kJDkw
Collision for 7s9F4uESch21CRhzzSuB1Q
Collision for mbO5YvIjlwtSI-zurwD2hA
Collision for V1TlmrHVUSECXreJHgrKQw
Collision for OFIs_r3kGgZ_DW6k2z_r3w
Collision for Yr3xqElsGJ62XyizAh4v8A
Collision for Iv3asBAWEnqTuCAYmkjWSg
Collision for FrDu4StWKx2DKr6d2VGlFw
Collision for mhVDecOymd5X4DYpMNw82A
Collision for 4ltfwHZtxIv_sh-ssisR1A
Collision for TgxvUlsbIR6XeMvs3_4_vg
Collision for voc1wOV_uqFelce9gi-2Kg
Collision for QAunAaU6QOcufROgsxi4Vw
Collision for CIqsaXb29qH2saiAejDoAg
Collision for QKcIAdxZHmKVQGay0i6QBg
Collision for rMJgjSmenDkKdvY0cqGQdg
Collision for 4jU04Gn0IgJYAgjaUd4DLw
Collision for OqaHZgR0x90H8xcGvzkn2Q
Collision for RfzPqPXZjLTD2xW_oqJkPw
Collision for xlM-_9cPV8-fgv_Mlrx_tQ
Collision for unQY9ypM6iEjKxX_mHs35A
Collision for tjf8ZCB1bv9DM6U14oBz5w
Collision for zOT9Abi_zDUT5ELehcRDqw
Collision for RGJEukLBr9D468ek337fZA
Collision for ipNWBFNy5l61yKcuxGvZSw
Collision for 7VDC_WcOOTlEUDkx6BzWSA
Collision for q4x2pxr2rywN_RNoSeZlXw
Collision for EIo9EmpVbui0t8JjDG77Pg
Collision for hfkGfu4UYl8ryexoVFbdwQ
Collision for t7zu-Fi1g_6g0UPBDqOwcw
Collision for FYManyo1wsebtZWJ2lwvPg
Collision for L-QRhrfPp1bmEJdqMZPcdA
Collision for N0dd3UqiuhCAyACbVoTDIg
Collision for xf6tnIzq0CSEkBLLowQocA
Collision for rI5e8Jzq2vI1kNoFxoEseQ
Collision for Intsx-gbmqk0dAW42GsdpA
Collision for RySkf1btkGM-fTRxKargug
Collision for l0zRsI1PEwZHjcID5Pr9uw
Collision for AHNDjYsE2riAszChh7yOCg
Collision for cXcT84aUo_aQKbiRFSPaBA
Collision for Xe_fwHmfNAeUtZ17DQyDzA
Collision for jhihvVm3afs_V7hdBVoZTw
Collision for SDwy7UGYqB4vOP02OQV7Pg
Collision for weNhV8IY633mMgq2p25Uvg
Collision for MRC4v9KDrlE2ATX5Ts6UIg
Collision for tFqSbZXCI8AMQGFqISEYmw
Collision for WZHT5EM1QWTNz4hSCHMIhw
Collision for f_h9PuouimR7bKn6iwBjKw
Collision for qC5bmiGw0t0xZH4Yqw4PJw
Collision for 6I6j9lgZZdsm5TbZElEJPg
Collision for Db2Jy_2uTwsbEIvV0NrhUw
Collision for LHoKh2MATi8dmdkDDO0o1g
Collision for Nj1Nr1wrgfIyq9qTjSMpLw
Collision for fBkooQRyy9Ba2wWoM3JAIg
Collision for wdYurH3zegvOr7XBXx2N5g
Collision for pA6TAPHHb0d7ytPf1Bi-uQ
Collision for 7cKtzkTSyH2lZGIzQdO5Hw
Collision for NXuWPDvExCuMwmFff0BSwg
Collision for pSvoLbeo4KHkR_b0Q0IVlQ
Collision for OuvTNuMnx6yXpJZaDvDnGA
Collision for KeSZXDk8-kk4EYn1mVYf3Q
Collision for a3M0gwlmPudtmQYsQ7n5vw
Collision for p_Ju1E0tio40Pt7Ahp0hug
Collision for d2el6IJTBnrqnGT_VjzAGQ
Collision for 7xcauWs7lLw5qeH8yjBOhA
Collision for UMtphp03_QTRCEAWp4fL4g
Collision for Pgr9pcsnQ9ay3zGTlk-jhw
Collision for HpMSkD03tfdXjD0sInRM5Q
Collision for eISL0PWySqnhD7O-xU3EmQ
Collision for iEI0BCM-5WhJW1f1CCsmYQ
Collision for ZhazIfPBEwW9me1GeeD0Sg
Collision for nFiaJj_cQog-e4fKmBztpA
Collision for qjw9E2atjCwtOYiAyD_Zhg
Collision for M9tSeSjf0ao_xTFRMilpfQ
Collision for oifl3QR-EdjwVvJwdH-bEA
Collision for c7Amg6RfEg-IMphKAJDJnA
Collision for D9KR37e_M2I7ai8T_hR9dw
Collision for eGEeXZiT6t1YRL8OqMiiFg
Collision for tYf1fjVv2pcAe3vGHoJqcw
Collision for 8s8ifJ_KppFnP8h12TR41g
Collision for juRk6DHHOCgb0yZGLL20Uw
Collision for KVxp-qz951NOY7g27M7RqA
Collision for vaUIQh7brFsmH0aMlc3wgQ
Collision for nTg4FxvNqWIu0MTfBYZvbw
Collision for 7uUX4MG837jg_CSrom96cg
Collision for z4do8ZgzSs1fMB_Y0lhUpg
Collision for hpf3AjVX6WxQnz6a7d0QHw
Collision for 7Db7WzISwMHcA9b5G4PwDQ
Collision for f9JAUO7du0u4OIrYgJPHhQ
Collision for _Bxren1M_YPXI83gy-qE9g
Collision for 26RdSHKGrhNhouUSG0VNqg
Collision for 6nK3Tycyb7FEpgQJtQcYag
Collision for H1NVgiZ9Ibg2s60cgznH-A
Collision for gBne2Hb0hd6Xi1lMw9GGaw
Collision for S_626smAMHSMNDBs1ycs3g
Collision for qMdPOgdnrCmLeWc5teKkEQ
Collision for SXEFHTK6OcVu6QfsBuXbYA
Collision for F0MaBNqm-cQNTO3XnujoZA
Collision for C4u5QOppm8SbBtlCJI-_QQ
Collision for bUB8SLiTTLa4C6R7c1Zw6w
Collision for l7kpw3LUuciEjOC65VuzmA
Collision for RAtsSUaToAY9WjB3bIekDQ
Collision for tiTbjK9Y5U62dMmgQiRT6Q
Collision for y0jtAaaOE0uG2avtgqLzuA
Collision for p6vAkDswHAWmNIRDIOGeOQ
Collision for 1hLE5A6c77uVMpeS8pC0aw
Collision for 2PHCwv4HtZeMPgwu-vRyvg
Collision for bFRADC_hhl5p8Ih3tavR-w
Collision for aURtLmSJ-Rvf5sK0QhTMvw
Collision for M0jV9MNW3OfM__-2L0cklA
Collision for gVHtQZPMzLdcLn5N8ZMqNw
Collision for XvEhRChor7ClvKdPFCHSrA
Collision for T3ppqL69eS_r2E5u7rPuSw
Collision for d767pFMkvDO1KU5cur5U-A
Collision for TktSiFwVRGYA7Om_1A0xSQ
Collision for m0Avmi0N4z_F1MUbPu2asA
Collision for 42rlYDQ4hqy2ZL2QCSw5hg
Collision for -ARjMnFOPmd-fiBXucZbOA
Collision for 5GpKhDRPD7MAuyX936qqBg
Collision for clbEknsGczm9kEf7QFHTxA
Collision for Z23xgidMBPxpt0Mhj4cp9g
Collision for nXlqTS6k4RKolZP-Mp078w
Collision for Ux1z_5QF-YOXktWzFMAP9w
Collision for TKgWWnMSsQZ8tVH88pXp-A
Collision for nCHnl5JTjl4s2JADjCoS4w
Collision for FHK6iYZi3eRAt8hoDXsBZQ
Collision for onwgQnTpQVosRvn9mXYS2A
Collision for m6I6iw8A55o0fi6XMZhBKA
Collision for qxxvv5QN2v3kvCmbx2sM2g
Collision for OZCPntWqk6GV7h3O2S5RKA
Collision for 8iwS9zhLha2eeGyq3KwciQ
Collision for C5WISzy_l9_VoNsae8pXsA
Collision for -6p1RF3kfvP3r40ECaz5mw
Collision for xnm8RfrGG_Im_twMQMlMSQ
Collision for 0L211m32kCsJ0U_-z-rsyQ
Collision for wNx9maW_t5u3Lm-oNf97Hg
Collision for UUUMyXagx9roHzTKN7GVKw
Collision for osUm_qe0qIhd1TuhIndvuQ
Collision for Ko7DOp6UfinjXCYVAkjCyg
Collision for zpdk3fA_FdieSPy_95N4UA
Collision for 5Em7GP9T9oAUnnEtdBELJA
Collision for BHaLXDB-q7kX1nOX7f1hgg
Collision for sKQNGievUEcs0Uxm9t5xOA
Collision for a6pEgyzrnS4EdF5RDgDbKQ
Collision for nwpeJiRSGZlkNmOf_WmhMg
Collision for gAD57tk6eGlexighqadZxQ
Collision for EN88l_3WUC8ThFxiEvknng
Collision for 9cw7ZNHTerz7YxkexLS3VA
Collision for KhtNkvlcOq4DcN2YOZrAog
Collision for gdSRDZ_5FRceIskBGQNXGw
Collision for x-dKW0zHMseHGnY6nYNw4A
Collision for Y8xjnzUv8D-sM7ucRW4MHw
Collision for Ej7wYoEpXTknlHALUjk8cQ
Collision for hlwVSEy0RWBM810sGkwP5w
Collision for eDDHkw1VA2BfWtcV69x3nA
Collision for s_iZ793DvBgBgpZDzpRIyQ
Collision for ENXrKT2G8EV5cDD0pqk-PA
Collision for Orp8ACnzanioFWz-NZGGfg
Collision for QN1T9NHEKn05SjGMBaMOdg
Collision for lmH7pQBbw2RHYPpkShq3lA
Collision for fuFuBq3hUGYH8XcZrHvB2g
Collision for O1hVF8h1fy6GP_ljuOG4Uw
Collision for 6wfoid1KsLcYILlkKK8zlw
Collision for GUL05X9g4ilwQvNgn4aioQ
Collision for Ubs03izYxD5nx9REo65vww
Collision for ejS8H4wQd4yT4c50rHlJyw
Collision for 2l4kVc-sZxw2D4WrxZa0dA
Collision for wgBXfAZfGF7hpueOvmn0Dg
Collision for S8YpiN-Gi_p1VwwS5fCbqg
Collision for QiHDcciIyMebBbhkjDIn2Q
Collision for ChCkWVot8RLWTC1G1U5Q2w
Collision for Ma4WPVtG7sVDPdTJhthq5g
Collision for ixTgQcGngDosAyttau4EeQ
Collision for eJKjRLLn7rTV0pC3FYapWw
Collision for bygZ3dHTBBPvJEYKKo5PgQ
Collision for cNPm3vp1OIZ6tZAfdyff3A
Collision for dkhc4QsxUuyEjQ0CvMa1zA
Collision for VU7a5SHW1FTNMWCHrXw7cw
Collision for JF12JVZcL9WPI76Xq6FOYQ
Collision for mTPa1YWhnvAkNtVY5Lf17A
Collision for Mn7tasPkteUnMSF9p0kOaQ
Collision for ThYgJ3fJ8mjE7IMtF3hz7A
Collision for 43E5M-qF09UHQVUMgGgNUQ
Collision for MolwzI8AA_tQt2-wM-qF7Q
Collision for A-cKahPZAMGOQtJ8dvmKDw
Collision for eTR8MFg5hCg0va6EEcA5Mw
Collision for MlHOiaJCcmL5ewEVJCWEKg
Collision for Hdp394LEkQCze9WlExZk6w
Collision for 2HX2llO_OGK90WqrIQJtnA
Collision for -OmsNU4_rcxrIh7TmoWj_w
Collision for fRgvDikqgeCVdPpNUQANkQ
Collision for GEJL8ZN_3nWyFWDM0muMZQ
Collision for 0T5nTVczgSRf7Z0BB6-OhA
Collision for DbpnelgltM957Z5soBxuZQ
Collision for HjfFOAWFNqXlw2EDL6_njw
Collision for dyE7STF9H5Q0D2HBbZZ6SQ
Collision for JyhGvwdCfucLukfpquoD7Q
Collision for P5NJEJbFSqXKIDv7M7mQvg
Collision for Ibhl9qOlgOSM7jyb16fACg
Collision for LGc3tJomNfjGCtHme901Qg
Collision for YNmChPW3ocAsZBQq3rdU5Q
Collision for d6KLUPNz4DfA2Zx2qRyKUQ
Collision for WOAx_C0Lw0K6_N1vTXIzVQ
Collision for pieg8m69BknqcPshhqHtPg
Collision for fm3m7MKMW0dt5u3eFElmfw
Collision for ghdHTWhmGshCgPWSn-i3TA
Collision for 1F5UwK39RdYXH8u5Fy8WAg
Collision for p_RwOb05vpG_moRoH7R6AA
Collision for 2sgbjCHldxb6RXydDcp2IA
Collision for GBqCDDxVl6p-7BUb-XXaDg
Collision for C8WOCC4BT_ABQ5JkXo_0nw
Collision for WLWxoJsEkQdJDv27btGiFw
Collision for k3w14NylOELQokStZiAb-w
Collision for m5lvd4noYJG7xK2VucnUUw
Collision for ejVhVpr9_aK4izZMGxLJzQ
Collision for va0YaRDVGWIyjE2vQfIp7g
Collision for T5btYhTyBCDgR9f5HPo3Ug
Collision for _AfER5GoALFq4xMdL9K8BQ
Collision for y6GuXBwIjhT-dPvqUJD7rQ
Collision for EzI_IXdDw-Hs87AcbN23zQ
Collision for cZb9xBOklXptJlQWUJ8XIg
Collision for 93g4uG4veQqliyNczGiogQ
Collision for QF8XPe1OgZW-YS7Lm0erhQ
Collision for fFdAAxV4B0xKpD39lUBrAw
Collision for 1rX73ZCAs-fewEHnB7u3TA
Collision for -XSqsJ20MlY7pKw2S9FqEA
Collision for jLlAD1Ex6RNDVk4hTPj4jA
Collision for 3SiB-l-Uva_YOLMQ02Z6vA
Collision for nohd5I6T2_4LsQaaQukF8Q
Collision for tmsQHf4E8gm9SnT0CQCD9Q
Collision for g3Rd7000776A5wfaWmXZ9Q
Collision for Mjza0WBm4soghDxHOkzdBw
Collision for OIXuoxSuFt7GrEK-OgpsJw
Collision for U2yvsrMmdit9pm3kkwj2Yg
Collision for PTq_8h5nyEKox9t-xhogHg
Collision for lEe4ltxSbed57UxFMXlQjw
Collision for y1BpsaCYq1ij9DyjBAV48Q
Collision for VmIESe4lwTQwVfU60HFJIg
Collision for GU835liPGtV_qn7GWcTLNw
Collision for ISAkCsJNnbbGt0ts8Oz9uA
Collision for xZGyszsmTahsc0RdkkMB6A
Collision for K6J92oULuBpSjgRcLirpNw
Collision for uwvZDebS0QsjVkWnNnpG-w
Collision for M36pJkutZHeOKdQKyK7rYQ
Collision for keHkZuCTZLCQQaZPJ0M3Zg
Collision for _vx_chTvU2YgrjjZv5VXyQ
Collision for fU3FhfmnGN71SYEbZR33-A
Collision for 8OMW6uFp0TrPFnnCU0cSpg
Collision for jCQ3esTyZbvrLDLBWlU3eg
Collision for MfDGJ5FVlj53qqtRXYDq1g
Collision for uVXW89pygLZXI0Q1xEyQYw
Collision for 8kdIIRkOwH5zIDmMUVi6Fw
Collision for LAtSDGS2IEaBmcrPYzZfPA
Collision for 2PukScrP0IqubNvF11oMmQ
Collision for nCZ0v4aSr5xOBlvjtuUPqg
Collision for 0OgbcJPftpBHAo-c3IvuwA
Collision for 2sGfwt3hpNBEL5FbROJj3g
Collision for PdfcdWI1jmyGLfIexJAyzQ
Collision for 0zsxTDrI5wyOeWd0KAm02A
Collision for cTwP5SCOs661UM0pt1_V2A
Collision for H9h7ZukTLWd3qzhm1hNP9A
Collision for 3UH__yMDQ18kPvJlTJjTVw
Collision for eG8aeKMeWtfepGsXnXG2wA
Collision for tZr2QkDG9sYkcfckd9ofHw
Collision for -OznRglPSpbobWejIYUvTA
Collision for wWgP3fHHGZ7f17praJMrsA
Collision for Uu7tuA3tdsRYrEIAsqPmfQ
Collision for RZJ2byzUoTERTGrJSQ6kLw
Collision for F2epZNg3uYNp2dPY7FIZeg
Collision for S1gBVV8eRIOoEsdcBnQM6g
Collision for t8il0bV0fgR9E8opD2kyyA
Collision for ouyr7fSaFzxJ7nJXN9iufQ
Collision for _IXhsn1DbrP6H6lCttQaWw
Collision for obweSedvfa0PaBfTrX88tA
Collision for xlWDyLqMkY0dSodzncRmEg
Collision for pp4BkqXzxJ6DBEZ3ljhIOw
Collision for yC0UYHqomMLPAkRD_YwNHQ
Collision for GcnZNBv3Cx7VCP7zEibBKQ
Collision for A66dzAhb3rrn7PsiwUpo9Q
Collision for xF5WJ25dvjdB28LP_lW7Gw
Collision for 1wF_1KWqrEuD5YI5LFSBfg
Collision for YQajDjTlqwU1vBuS0o-VEw
Collision for XEBGkJ4CKxaNWZ0blXGV9g
Collision for HrPGn9dj-HfxiyA5fHRIQQ
Collision for mfsW0h3ihAYc6csJ-HdI1w
Collision for Fn8pKuvXLzeOKM__Z9vluw
Collision for eaMi813Gt3iaxka6EFiyBw
Collision for ia23-Jbc15pRiXgGucN5fQ
Collision for -ifLtmWASI7YPeYXibuLEQ
Collision for 2IY2P7cpQOMLcw6qOnMV5A
Collision for dqPRBO6LrSLrlJQZ8zGrbw
Collision for wRmh4OE0clxueevd5J9ELQ
Collision for fhX06g0tpkwY5ygVWPfFyg
Collision for 6La6lPIqn3FqfnWiilUxcQ
Collision for KFcTcoUDLQKif846fbwR9A
Collision for DEia5zQHW2uFQVL4j2u1kg
Collision for IF9nLrB-MVz6OJWacqOBFA
Collision for vI1di1l8FeMnchR7AMwgZw
Collision for eU1wkBOow5LwoPdnlKHLjA
Collision for 1BTEsqQiDqXpIxMeAL-9Xg
Collision for gg2v-irclWa81_uIWkGRLQ
Collision for A9NcL9NtiPz-YobMlBxuHw
Collision for HZzJ-XKOzfh0jK0vaYbc2Q
Collision for OC1xYER-Il25sEd8nCwEOQ
Collision for qAZ9ujZXVsTusx79oERpmw
Collision for 9n0fvZBU5bBQUepuD6L-Lg
Collision for -27nXbHKnwMUdb6MkJQT0Q
Collision for CQYx0CgAMUR0SxFj4jU-bw
Collision for UEK_kEm2ciM-UfFmIK_WXQ
Collision for -MaNmdE-bfJY7YCIX5m1Ag
Collision for a-MUgMlELI1ZmF8TOMEGAg
Collision for _bAoJIgEGPGEV9aHej_ICQ
Collision for fXwuP63v_Oiw8xSO-pe8kA
Collision for kRFlb6HxLYlsSkSEDsq5wA
Collision for asL9-BSNxtsMsLAtwnQ4zA
Collision for oxr-0ifySq_ulc_oH9B8rA
Collision for xXHf9dCVobkYw7IwEit56g
Collision for 88TgNYnje4FM8NIuU6c9DQ
Collision for 7zUtNLC_jmRY1FIXS9SNAw
Collision for jKQ6-gC0Aoa86Qs4I472Rw
Collision for -f6mpekL40XRdj8A8C791w
Collision for 1k2H15_gtsvrioo6VSBdHQ
Collision for Hr-pK-7g-LlLU_egeJ11rg
Collision for wJjzFdLWLeBFwBYdBhHWKg
Collision for 9CLdni8ApHNlAED0g_aLZw
Collision for geRjmo1dUliG9Fw7yWGg3A
Collision for FsghW1EBOnaDGfMjSyi4Lg
Collision for cagKcZdeoNTpu8OzOyiVpA
Collision for GKGQ9lxoMlsTp9M0EK6glA
Collision for hFMPVbIvBF2C0EwxTfimoQ
Collision for Z29fDWYkqgxyx-woli-WGg
Collision for CGWP_pe81BDgwqF7YksV7Q
Collision for A4UKMP9A31NIM0szXNWTIg
Collision for D_IoiBW7k2WWR4A0zc5hsQ
Collision for V8A-oI2v_qzFga4cGF6ulQ
Collision for LAYiN1-WRTzwWdjjNlB1lQ
Collision for xx-WYedlb4wKvez6Bl4Gsg
Collision for xdMOw2HtN_ikO8U5r84_cw
Collision for 0xfEtkDURtLHIgCPobyC0w
Collision for Lda9rT60eT6_H2a8nFM2SA
Collision for EHobrUYfJ2m4Bmcl3MIyPA
Collision for u-0_PyBUq4waw2IxhVbVEQ
Collision for s3pape6UnCG9G_BsS1W6hA
Collision for ET4JZezTpNcLoq0VmejTXw
Collision for Kz_HFUIRzDhcc9XcvGeyDw
Collision for VcUnajBo-C6Emw9NWFLFSA
Collision for DqfUljp0kVUYO-XW_Gf6MQ
Collision for i4lMPuGFMwnpYExFqXb1EQ
Collision for AOtoKLJVoxsv3HvfHNLmuw
Collision for bidx5V7WEZZE7mJUhB6hiQ
Collision for Y4QEfr2X24_GedoY9LOKGA
Collision for VcO0QNREj24lgDjiiovM9Q
Collision for RpDXFznawokxJ_cyTIBGgw
Collision for OL1PK3uUXoxMiEyM79ttCA
Collision for PgFZPgRvyN-mEd5oJWsjPw
Collision for LvAftk7gist8kpMD-0b0_Q
Collision for kD0KlnhCO3CsFKoZlD7xVA
Collision for TJ9IAHOdt_ujhrNqBzwVkw
Collision for mj_GH6MnFo6ycuw-nEjPWQ
Collision for 3Pptv-canQdkdPcU5G4Fjg
Collision for 0LmNtvvbXUG5YrJ2MnV_ZA
Collision for KEAihFPHwXCVNkDVOeV91w
Collision for 5mpQel475zkl88l2aL5C8A
Collision for _--6PDlcBjSCo0FQD0X0Gw
Collision for 9YK_kXB6kb6Sh7A5MKmoJg
Collision for CMYNzyrbZmoCs4F4T0qUZw
Collision for GzK2EBnq6dDC7F7K-VJonw
Collision for rtDINHGmx-f6AuN-1hZipg
Collision for 9hLOEbmMKkIjJB3Bc6qIuA
Collision for nT_CgvhFv8arlKAlCcf3Fw
Collision for mDBusZknoOv3td4mJSK7TA
Collision for upsi8UPWhJ4cR5ZmNEZI8Q
Collision for xqCruhyx3lRnEfpQ8jNhsA
Collision for liR_K6uPxgNXGHFXkOFhTg
Collision for O12QB12VjD8x3Cy7RQrKNw
Collision for PmE1bfIYWpzaFftbwXZAbA
Collision for 5vW0aoJByQwDl3wIIy7wNw
Collision for wZnKUNnBvtjOoyUERodKmA
Collision for XdMJXJlKyEt6VQ0_aq1_4g
Collision for 1gHUR2VHgHSgXSZVjRcxYw
Collision for Z_7Z4Ou8xb-jGdyD4qWKIw
Collision for PiyBgHCyk7XSk2Y_W5vuxQ
Collision for -59UUIXbhOW08_vtNrn7CQ
Collision for yJrDDL85kDtBhJXnABzLKQ
Collision for L-GwR2iwtJhLV2WVz5W0ig
Collision for AZkaacHanFsW24Rr-bdeog
Collision for OpHcODeRctaDCsi4hBZ37g
Collision for bDttwJltijxAmgsxJz7NtQ
Collision for RnXbxtd84TvI0h-iOw4a1w
Collision for OxfZ5WQdJ-T3KAFVeBrG8A
Collision for eW6YmzBgiIgxbYjVvBqoCw
Collision for 3dXoMlVPEd1tM-jKHGshhQ
Collision for mc8EA6W60ADSWtbcGFbjeQ
Collision for nFHnvwsyOG9Egobz9qPm-Q
Collision for uKn9WmMYCsg2DAfENZCttg
Collision for B06ShWoIwT2MBv_4AAomEg
Collision for tXgpNpk9m-CpPn-eYoKwTA
Collision for 3J0q-8T4a1mfn-ZP809E7w
Collision for FwDMCWwItfXqPrJCQOpfWg
Collision for zICt93Ofh8Jj0Vt1D3gWUQ
Collision for qncANabz7_LKyX-hZtjKvw
Collision for VFgvcmhDPHYgyS2TnGSO_g
Collision for ZPuUZusdVP-JToi4tNJ9cw
Collision for FpAuEzB0r9CWJblQk-Pk4A
Collision for wCRW7cmf_n41b0I4OIu46g
Collision for y0Kg0tm_sc-XqdYwMKLi7g
Collision for QYGa0GWhJyVxtnXpaa2Wog
Collision for N0AuP5fQ5ctqbx23wDDwfA
Collision for Osx3-S8O_rgly_VX0boUwQ
Collision for -J4M-MH-63JM_IwM2P6_dg
Collision for hGrvHJHWf7gPZf5xekewKw
Collision for 8k35lnEyxWt3H1XGKZNFbw
Collision for uG9xI3nWz-s2j5B9BfUqaA
Collision for Ou8hD1u8nwy3qhR2hoz2bA
Collision for vLo0JPCxU8_GbqOIrdSEhQ
Collision for MEH-LJ6P-AxpRSBr6or5MA
Collision for rccl9imbzse2McQ2aBZ3uQ
Collision for a86BaJcxenEpbu-rjcDyKQ
Collision for sRlMlTEHPgzq-gPlKiHPzw
Collision for _aNKz1ivvd0hAdTbIN5_ZQ
Collision for _CAIXoJ4bccD32EfIly8UQ
Collision for F8CA7xDvEDeYlQb8-77ORQ
Collision for NBruU3euSpiB0teVE3zhkw
Collision for -m__JmzeefOnbz3tx-1adQ
Collision for FmWOk6Jdw1A6OcnSBPvZfA
Collision for nx8Mvd8XQJbJwvA5ILuapg
Collision for CsTeVcnxxXDNBINX1QFR_w
Collision for WSkRX3I9hWqSJ5iu8wBVAg
Collision for 5dLOAvCTV7i9DpzYcXsfqg
Collision for Vk1Ya5ph7Qo7y7L3K-8Oqw
Collision for aVwFWLpyYst1TfuAGf3nnQ
Collision for Rdj0z3fW03K879cGnNLIWw
Collision for VgdvYZMBInoK6nhsn4B_yA
Collision for 6ktp64hek_03c_0X0X4F8A
Collision for Ehcyz2HmEkpsTRGs2AwixA
Collision for sjc71E2HkkrzM28B2Z-wxA
Collision for 3eT3YINAdoPe6MbCEnt6wg
Collision for RoD7Hx9aZXGqVH218VqV7w
Collision for gvqqGXQfebAz7NNXutx6tA
Collision for 13v5XJizjHHfx68ZZ5DdtA
Collision for Xh6tm2GW2yU19Ftrguv-8w
Collision for b7H8p8IcrZ5I1pYKa0MtNw
Collision for VHWBGz7doprn9IwARsEW3g
Collision for _Q4BbgD_mqKjGMW6YdMHag
Collision for 3xDkBTSqlo1F_b6IwAH9zg
Collision for HACF_lZ7lGwhJpk0JI1HhQ
Collision for FS2zc_bf6onMJ2KOcueVJA
Collision for Ube3_DStgMD5TX7butBjVg
Collision for a8OTycyIX0GV1wIZK9r2Nw
Collision for PqgqI5sS3rBa9aR9GSTUZw
Collision for F9H0YSlvleZl20et_1qpvg
Collision for VkFrsk2K8STXKxqzungliw
Collision for 2qtxgH2DjMhz-LPK9Q0jLQ
Collision for nBDCEjJ9WSJS-ovhdJp2hA
Collision for 326Ni2-GitElASiRDx1HtA
Collision for POZMi07G_E4B-p4LWbEjuQ
Collision for Yam7XjeHfeyBUTLUwNuckA
Collision for DDZCCR6BQzvA9547TtVyyw
Collision for cEDfPzDNKf9_KdUCQU1guw
Collision for YTfV60z2xMDP6Y-50_W5Ew
Collision for 6l1mC1iFUmYXva4TzojfSQ
Collision for gf0T24vb8lcZs-8F6nzHKA
Collision for REfhuEObLxxLJh1eVgWYeA
Collision for itmtQ-uZDNu-NMsOAiWx_A
Collision for s16XrRYDemMUh9bLQTwdjQ
Collision for 35M9f1dxmXN54w96AWIR3Q
Collision for bWwz8u50SRhAc1_VRnQk7A
Collision for ckN99hu5L0PBrI9_5MJLmQ
Collision for Lxn2yctNhPummA-S90Nzkg
Collision for _Q8th2B7uAF7Gdh8cyW2tQ
Collision for f3bVPZJq3YR4JM4gtE3EqA
Collision for kZzk8CXYAaegeM8s58tQxg
Collision for Bq-0I1gg0-t_RH7GrpUGwQ
Collision for Q85YJYNkgqyCySoTi2_fNQ
Collision for B2Zo_6zCTbtS6Drr814L5w
Collision for OU_hin2Q6g4ABV5Zv8zr3Q
Collision for bc9nCQM6katjHBYjpTw-7g
Collision for KFYS6hvnE9blPwF5oB94PQ
Collision for YfHW5-rkaDcTRxMVe1QFJg
Collision for CrU9FUmB5fNZYPVl_0DXNw
Collision for uVg8mNVf00rxDsUcFTbI1A
Collision for 4LbK_symPVJ3pSwgMncN0Q
Collision for eacuEMgTFiXXuWjYS9ggBQ
Collision for LyDj7xAsi5wNsBsItFFpAg
Collision for X7m8MisjRgA-uGLlDCZGHw
Collision for YKWqCClWnhTxihTqu5ssMw
Collision for LfIgWVF7Aq2uM3kO4i4QfA
Collision for xHZfm0aGwkaHw7aV8Ei7kA
Collision for 0zlj30SDK8c7MOSBKBP5Pw
Collision for Satu5zN2B5SJDbBRipDomw
Collision for dkBIYoEKx16tCdF28lTmVg
Collision for NwHtw_uGJ5Dyedibeh_zUw
Collision for DghCXzTjJf05bJLbdWyhZg
Collision for MbrpCjlsQsR-mS1xq7bLoA
Collision for d5gL-i3lUlD6aeFXdLuspg
Collision for _IkJ9-dieCqdLq1PKLU09Q
Collision for YfmcvVdy4L4A78LHi90-0Q
Collision for mAMjFAygLBhW37a1OD3iIw
Collision for YCzBmIJMb7bcdn6AymChYA
Collision for DlOsz7dZyxUrfZsTyMAU3Q
Collision for A4K2uJUR3zRTGY7nEitgcQ
Collision for fFVBkZPqCKvxbD4zaJTsiA
Collision for m7iUYWcCU1JtL0Q_-BkB4Q
Collision for TvJDBU8spOr2DSEBC2QAqw
Collision for _q22I5Al7dtI7AbwfDIqww
Collision for uGQTF381xITQol1wQANkOg
Collision for 83x9TzVgewbCAuGBVLYgLg
Collision for K32cHyOoSY5ZnqdbJopv_A
Collision for SDzLZAtr_KQJWcwyS0VeuA
Collision for CRSs9hKB6n4oE1SimefnPg
Collision for _W_6ajvOHuC_eKQrjzKKFg
Collision for Lz1yCi7ERDLI9GXMPw2Ktw
Collision for Gmq8x4mC1FpzkmYFS7wKxw
Collision for 3Lwpcp-rm7ypn2UJ0-9CDg
Collision for L7ixZJ8GP041vuFuRQTj7g
Collision for TtQokPDj4lPsKEddwDHvHA
Collision for JJf4NsNWh-W8WAJnDZwd5g
Collision for gsJJXKHiS-o27zuE9sRYfg
Collision for kkEN-QPVCD75ohkenmiklw
Collision for 7V5Bac7DZqw_gIaMTTy6zw
Collision for KLNcylOikYSuXKhlIs6dmg
Collision for v95xwmcxgwTCdsHcYXEKWg
Collision for -kRfgjZygrHCkp7MB6W7VA
Collision for Wc0ZkKVvSkXZlBL0YlMpLA
Collision for u7PL1Tw5BW_f0ZGhCWdvTg
Collision for 3pDwgcJIwGb5SkcxULEDNA
Collision for Xy1dFjyePOax4TWIfGVGmg
Collision for _r_qM4YmKYqWDs2jOtyFwg
Collision for L_quNolgQO3n_DPjDJLjWA
Collision for Jb7h4X8JRc3_2VCcrgBDBQ
Collision for BL2geczqby_cOhR1wSrmnA
Collision for D0tBaW_k6fWlHCFzWX653g
Collision for x5UQ4fiSDQbLzBZiK9pWXA
Collision for 3Cq2hn5W6LiDP9gMiwl3JQ
Collision for 6-6316BZEsyPJ_EYtpCk8g
Collision for kBnAYM3ceJELznzNh2Ye_A
Collision for 7SvJGvN9BOay3-Vg-59GzQ
Collision for KkhuD4De4e5Dov8VdYmhRA
Collision for GJXiyWVkasWHUb5CWZQP7Q
Collision for DOsxHLkf0oTNTFTXfPktHA
Collision for Trx8_SuuX3d8SlNs68pM5A
Collision for ZrXZAgRSdB780hCQocW2DQ
Collision for qoRixp8KmYsgT1GLdqpNwA
Collision for rgkD9uGV0-whHltGjxozaQ
Collision for cRKMye5vDsKjdti3CiTN2Q
Collision for JWLk9flnUqDwsZnz8Ws6vw
Collision for rNg0vNGCADBg9jo8s77hCA
Collision for bg4_JXwiiwttQa1iGO2aYQ
Collision for PKZFaACxAjX4SPolS59iDA
Collision for UqkA2wTFe5Wsr5TmiJJSBw
Collision for Ih_A3CYaIKsps7Gq8MBxkw
Collision for JcHd2TraB08bliSQMG1YhQ
Collision for EFbJ9tISH4UdNn8YlTnifw
Collision for iflpPVpNQkYkcuIbK3b-rg
Collision for mNRuwnFxh3U6AbLzoCiisg
Collision for _Ogx-vEtPC5Z1vnCKLw8FA
Collision for YG7G9KcD0N4SiIqSVc1yhg
Collision for Rkb-qXHhHBd-F3vqVBqfYQ
Collision for Labm4OBHXiwq9uJ0q7W7OA
Collision for 3Ofw7uz9yWXaUpXWdG4Teg
Collision for 1JtNWxGXVCXyaiiObKFzzA
Collision for -vDFLo-6b64zU0dImLK1pw
Collision for 2rcRMUykoapD5CdqtTD8RA
Collision for xeWG9JF57R_ISLyOh99ljA
Collision for EQqI73SZAwTqaSpH0miZzw
Collision for UbmjN7Kgq0LaGUu2ZymAVw
Collision for 28AEoyeNrPjV3Uk0rVyTSg
Collision for h26pJrHgOLlRASxezH-StQ
Collision for -di53B-nnzoe9o1vDVig3g
Collision for hFR2RjkFjPxAmPfyTuKaBg
Collision for aELPQmTHUJcxZCvyxpM0oQ
Collision for pgymuloMOGi7YmA8zglO0w
Collision for PlHm6ETloUADPoH0wajApA
Collision for u0i1YEVxKx_hOWxPGOnOJA
Collision for s1vNFKJoo0Elhtn8aV8GEA
Collision for 4ZhSHN3VH4dJbbnED9xTtQ
Collision for cRw8zOtJN94anU5NpA3i2Q
Collision for v2X7q8UMXRyC37hBAsJMSg
Collision for hH3RqO7G7XiwbJxC8adjUA
Collision for ROzZjD-TGL8JCTXW5yba_w
Collision for RnE7S6SroGA45MZblJibPg
Collision for bkfNf4Xh9VdPtxa7rK4uHw
Collision for Eh8OM-DCK7tQvnnh6pk1Yw
Collision for X0GOZAI8tcOd40pM8fHhyg
Collision for nl3ajnH2Zo4gTEJGAuLVMg
Collision for 6WrmGjAHZD6ET05Qfme6VQ
Collision for R0U37md_iSF3J28IajXYFA
Collision for M-yCWJskADGkMWJEOVpCjQ
Collision for NJLqJx2C9-UDR_5eyWxgYw
Collision for pQrGpxUY5zpJCqkVouuA9g
Collision for d7Q6BAtd7TURo5FPtINhwQ
Collision for tE3crwNisDI4V7czmLm5Lw
Collision for x3f4AY7nDUFlOceb5-7PEw
Collision for zPrwTFsm_rcWC0SkT6vd4w
Collision for i5FwATHosBzZTDjaZMQqZA
Collision for XIiIborpQWgk4nKp5reKkg
Collision for F28fD6sdU0aBy5Gns1AoLw
Collision for pepMsOLRuJM_61mh7FjMEA
Collision for CGiaBsilRyWzbW5l4lboyw
Collision for jNDAQ0znTV4ZIYSmpgwM6Q
Collision for CWGfMO2AA0JKKKUXW9r3sQ
Collision for khCpijuPfHqiVQ25kxnFjw
Collision for 01czE-9nSloEdnejYiGloQ
Collision for qwdFoEmWkYHUymfVTFma5w
Collision for c6gSLkprqj1Ws9GV2uiVXg
Collision for FDQHj7IDqygObjea1MABmg
Collision for 29HCDUQ2Nq7jtyppY56nTg
Collision for G4GyGLJIDYesLcrvT0lkpw
Collision for iba0KD9bLxTe3ec1jYnSQA
Collision for 5Yk-HTJv83T0zhWsGgByrQ
Collision for iYivkFxaAfJfjEqwB9ysQw
Collision for dGvy3r1KYwfc7H4HXMtL7w
Collision for YA3ZhzD0VG3gTLmRSgad8A
Collision for enPnjLqWxMo6s0lB9lE2WQ
Collision for jpocWcZSbnJSGLPaiSc2gA
Collision for il55DkaHTMN2uAzZ274aPw
Collision for nzwIbhk319oT2fRQK33Euw
Collision for 0paAh8giBBMbA2uTsfFD_A
Collision for WptYCkmK8NjHS06tjHnG_g
Collision for GDmzdooG_i-kJs5i1H-X-A
Collision for EspyVtZuyF05xx2R7zc_xQ
Collision for 0v4UIkt4-GAPX9VPpjtpgw
Collision for gvdxmYvpCg1X6gxJE37SQA
Collision for Cwa9o7J8q8pt8CpDmsi53A
Collision for _uPuCZvcodpEz9hreNJ15A
Collision for 6_rJiP6FQJ3sI5FbkminUA
Collision for kV5nOJMCdJ2jUFzadgq9cg
Collision for _Qpq9JjTaYSRab2reqjm-Q
Collision for a_aQcHuv7d-vh23kEiKNTg
Collision for 6gCnkuPnBmoDbqeTEgWLpQ
Collision for xBu_Jk1AH1vK8y3g8f_Teg
Collision for wdVEn1Jj0lYo3eglc46YtA
Collision for YsN8nzvDyVz5VDpRL2rMgw
Collision for Uri-UuaLB78mpeavIj0vSQ
Collision for essidswwCSNHibBd5jj0DQ
Collision for 6ItzHo0FchPYKS5GRcIKRg
Collision for 0-HKl-p1MNDEsKJ9j_iiXg
Collision for SDgp0j7RCK1wxhr6Dwx1EQ
Collision for RiCHybvJ8LuVwLJmJHFedw
Collision for mhfdCWIB5pDyMU4c337vVA
Collision for Wtc0rPrMuHyCeleh-mnMKg
Collision for b3Rw_7BisUafTjHFwUsQyQ
Collision for oeaFkFFD8Ce4vFKX5qO2Mw
Collision for 89TG2xDjUIB73DMuVNFIyw
Collision for 4e71A_qAO9hdG-9GaE4FFQ
Collision for 8sVmtWRBmHebB2vdh2rDbw
Collision for 8yAnEfmGMJKmeXkbvw0euA
Collision for wqBOpRhAiMe0hrnDByrLBA
Collision for nJFEEUiEGuhwxF7ypyGt3Q
Collision for 7uHtN3tVOeu6snS-gsiaAg
Collision for SMuJ8jEFPgohkC8OQaRCtA
Collision for f0ufqeoaqeJFlXTXUF2e4A
Collision for kgOf2w_fcigTsp7-5z17Ug
Collision for H4Cyz5QSMW8sjuqReyXptA
Collision for RbnBiNuclASZ4MVWZGi6Yw
Collision for wRmh4OE0clxueevd5J9ELQ
Collision for o7AXW5Msws_ovmKI6p8ySg
Collision for 0yY0iTHILofblZRMs4WJUg
Collision for s5Y1W3ZpXFyd6abdF586aw
Collision for DRSO9Trat34yJ17w6ntKZg
Collision for DexiqHgQBA9hARszd5VdPw
Collision for M-hR93hj7OrORAXkoY2DHg
Collision for Kee00b_LtREUZRqQGp1ihQ
Collision for CEKGc97GhdK6Et5XBPsGVw
Collision for cCgUyCtkSMIjobytAh1WYg
Collision for VeqKQa0jO1r6XCe-50o2GQ
Collision for Lqr515I7t6Q8XALMjbO0LA
Collision for W3GH8NYMrlQCVWlYtlns8g
Collision for 0oO30jIBQNw4rDOmFKDFuw
Collision for 51eZlaqqF3gYogpHc3bpdQ
Collision for 6nN0_Vt_-YpWwrJYi4ex9A
Collision for GyLDxVj-1VORnFmVrj5oyw
Collision for ERIxQ-R6GVTnCu6C4kO7CA
Collision for 0ZivnsKyCrmglPUMHCmr6w
Collision for ChPA8dYiSoyS_epVV9ASUg
Collision for 5XeBzsFshOaaATBGvdHEwA
Collision for ti7xZ03YFXPUFKTdW9ZTKw
Collision for 9fT0fSlDIfntBsLb6vv1eQ
Collision for oIZppMaesVO5jL7gwuXHGQ
Collision for zTBR_Mv4c0bRFIOYTMF2TQ
Collision for SkdMuBbddDC1DeNZHs7EsQ
Collision for QzL02Aj_s7SexVnNvTj04g
Collision for dfgXNmMB6J3c9UltP7bm8w
Collision for 3V7lrbhLsygyLgmZNO4h8g
Collision for uF-M5eubL2BdDirWrjT1MQ
Collision for aiKv3Uh0bJWJuxyM3DD8AA
Collision for tuxCewyJhd77-_XXoNWztg
Collision for g-Ih0Pi0i7xZMmW2BnJ5iw
Collision for nRsD_-DZL8iKL6IbJBgpxA
Collision for ovX3yYrC3n3vfPr6wbsyiA
Collision for _mUEwilfV0JKRfD8x7N0VQ
Collision for VvTNISTrbCwKNdrxuoVJ0w
Collision for p9Etd8Irm1LSbxbDB_tZHw
Collision for gc7ABMXM7CzXQ4wan52wIw
Collision for 5nMeFZY_FC8YeT9DmZkAEA
Collision for kDABChp-JvG0fWN6n4R-HQ
Collision for 4kkXwzhM_QeGp3bkRz3X1A
Collision for lqb1gEQPaBtowYfAoiP4OQ
Collision for BWSeFTlIysvNbllroHAXOw
Collision for VcVrv4bBdL8zjjyu8KEXBg
Collision for xdiTSmQINNtbOsvECiCLkw
Collision for 6QOCDB3VHWGN3b0bPUZLmA
Collision for 1OwuB5HGOvwG7-FvNGuSAw
Collision for kCbIRAvuENl4y32S4YlIOA
Collision for U1s-XExPC_DKIkhnYbPwnA
Collision for IamDzDoXYvSIht1yo5o1-Q
Collision for xuDXyp8JbKG4-vWTub3jKQ
Collision for MPvwQk5BkFRHPA7JkYSApA
Collision for ye5tB7xSzq2ArA39rSP9og
Collision for 7pChxvqI8LZxbiHHQUT02Q
Collision for YL-FyTSpgUjQsAUeeFjcpQ
Collision for aSPhmA0YcYtiYy7vZfRIrg
Collision for RKYVb2v10Ml_ExiXWyidpg
Collision for aGfZZKN2kVJgsv3QJ0CvVg
Collision for dgBGD5uMpEqbVYUFdVSR3Q
Collision for VnZe4_7GJRpgMYrlkkL7eA
Collision for gKlJpfvV_c_9-PrblMjBEQ
Collision for xAcWq5J3Xf5zYdyHGRrORA
Collision for g__za7kZNlRvdnlu0JNilw
Collision for 5sQdkW7YgSeePT4jYuhj8A
Collision for vGw4sFM4LSXgiWmkvnFfmQ
Collision for Y6ThPYMLHyEvC0Jx78vi8A
Collision for uj9ClSRkDJUUp8HxZ0gw6w
Collision for pPUlvtb5f0vNDCwaXjy3Ww
Collision for qYsSF2i-7NvjtyG81N41uA
Collision for nNk68r-gDA5WVT0z_-dy5A
Collision for T7tgbVbpq4QSCb00QkWTng
Collision for slBC0ChNkZcaNllcM6bHMw
Collision for JwQ5ojT5wmWLT_nvLtxfAg
Collision for anEjU5PyGvOQ9wOnzpbAIw
Collision for x78-zD4k3YScjEpNYzzabQ
Collision for kEwPsI4_SeL9EeRn7QuztA
Collision for Mj24kWWZZLAbo_Wo6nY5TQ
Collision for gJePjKk0zhG1o2i77eWu0g
Collision for K3YkeHNClugZTIURkH1FGA
Collision for 8Halbi7YN-g1ZP4Zapytsw
Collision for 0EMW_1muOV4_IcL8DC0f6w
Collision for nrStCKg6Oqurtfd7ICHg7A
Collision for jXf-rsBsFp7wA3JjrplLvA
Collision for V_ubYYbWlk2TTVijIUaHxA
Collision for QxqPk0L7x1gj5w2lIz18iw
Collision for pXM4gsbIdwECHuU52eQX2w
Collision for jc7BBEcQp5L3lAg_3gO0UQ
Collision for uWSUA5kLDn_e89VbS4xI3A
Collision for I555jHrg5EGDhR0NuqdvvA
Collision for 4a3DHnWvL9mjZd6JTr2qlA
Collision for WBVknuj1n7Shy9xMWtgrKA
Collision for VYPX-X9WZYyHoPQLrF-YNQ
Collision for 5KfxNpuEDi-mu0xRCWi6Qw
Collision for 78iVfbOyKt4zwOcwc8LYoQ
Collision for lK6HwWJmiSmI6OKh3cUIHQ
Collision for 3zwNRl1lopEFOoRB1Mr1BQ
Collision for 15Qyd5PIsRBtobuVUt3J0w
Collision for yUwtoa98YOERzAoLIX7h7g
Collision for 9XZS9M5xb3FfmaQkAXo2-A
Collision for eU1NhGJyfzc7lhxIoaBrvw
Collision for UwnTTP0mMTQYuO3ixTI6Yg
Collision for ZDKRDlwJoM2d9X2PQEZiew
Collision for yb40F-vCylfBFo0Jfm-j_Q
Collision for _8nol6rfR3MOpWN8IRuLyw
Collision for Nr4yJgmYyXpI6bxJiQd32A
Collision for AAhSevrCPZfKIVS1kjJtOw
Collision for Y-URZY3xCgE3CR21FLRLEw
Collision for kswGJEohTeH-RUFqszsKVw
Collision for 6v0h9IeEztfnJVoeE8vxOw
Collision for 40CzplfltWqHaGTuFqfdUA
Collision for SAg2C9UrbdtoLkxy-rmAiQ
Collision for mDwI6nkm_twkP5xlz3H04w
Collision for DghvHDXaJMxOVXBWyTvfog
Collision for YhS_MBudu2RQ_TA_2xTcTw
Collision for UthyuMevn0OScwqln3nNIQ
Collision for pJSfl-8Rob9mXTQLBQiALA
Collision for -nUJDpGd8YP2qAKAewdrjA
Collision for y52zq_sE7UwKuyD0YqMxMA
Collision for 2Shj0tYkgENLGYEVzCZedA
Collision for inzgWQA9HKNEhWb7jswNPw
Collision for oL25GNGacpMA5Xp43cpJ9Q
Collision for hz7NSjTLGU8_zPDYdIoHag
Collision for zFQzgnE-ptc-Z9GKj8riWg
Collision for EIf_XhJe2Dqa7ll5nnOoTQ
Collision for JBNuPqzsQ4akJmfrudS_Sg
Collision for lORjSa-3vwEJCXgXT-L9cg
Collision for xA4F7GgWGoaJCj5ww0H0qw
Collision for iY2TwYMGCgKjK6C2yp4KUg
Collision for Jo7FdB8wZYgalbT5cXoD8w
Collision for xie_eln_hiDghD0I1w3-gg
Collision for buphIOO9FD_kDr7PJlZDxw
Collision for -C4JWrmJYlfScBMDDQ_hoA
Collision for 4QsgEBn2gojUB7JV98IENA
Collision for RgUbAznjalProACKIqpAyg
Collision for 0tWdCx1tmfT8_DIixAOVbA
Collision for A2wRyRleoOMQGSlJcMb2OA
Collision for 1XEMVP88D3Zsf9zURcJQ5w
Collision for ep3OJDQU6IBxNlrslH1fuA
Collision for -iA7D8szQkrqYmgDLSUoUA
Collision for FRRyAzXalNcoYhmJBz0AwQ
Collision for j6nMM2XKRHcWbNpPXZAflQ
Collision for 5Iy_ZcUkslsWbiFOrz2QWg
Collision for KTPSS1WzYjDxcVTZ-02uZQ
Collision for CWJFdbWWq7Iid2pjT5192A
Collision for xeULP9gCKNVYs7Hu1_Ml2Q
Collision for iioZecbohHy-4z8qyAY67Q
Collision for M7EZUnWfNbdyBbn19qSzGQ
Collision for 7VpF1d4QleoP_qy93shCLQ
Collision for OqbppgFI6vCLLRe2rq5H_A
Collision for HtI5bOcmyUNXFrFnDeH_jA
Collision for qFzk8-O-LuUuY05BxHYJVw
Collision for loqYKT-b6th1wLtPNSxsQA
Collision for VHupuu5nfdXY-4kE1qWZZw
Collision for RJgyC5E4bcJlp7sQ-X5qeg
Collision for q3G1Ml5BqTfxFnyihMoNVQ
Collision for q9wTInBr3Of78TTWPVPJ6A
Collision for 3Vnmra3JQhXXW4B03jkG0g
Collision for 5huaTOV-hnHliwxcsYReMg
Collision for dCu2GUrTJju1-add2QDDrA
Collision for USAX0LuFnRYTJMKXh88ltw
Collision for TIjJUDs4ysJu4dnAD_zzMA
Collision for 1J6z27Zz_WQJ0U97_BrDtA
Collision for DptY3137nNV_MzvSlc_Z0Q
Collision for gCk9dHgf2OuK7ja4_q7N9Q
Collision for rrqL4Mg-z3lm02LuPnrrlg
Collision for tOTdIwYtmfrAVz5SKgL_1Q
Collision for cVKv5mQ_vgczl9ENIG2J5A
Collision for 0qXteEoJLUhoEFRwmJYd1Q
Collision for EPyrrlJrQnnu4basz0ailg
Collision for GOEALiPTC6q9dxDBlkQyvA
Collision for SfFIzAbLI5JLR_OhgstPPA
Collision for axAKvWlA2uRx8A8NMe1KFw
Collision for Q1Lb9N1Zig1k6ZWenu8WDA
Collision for X2MEtPXEnkeg4_89MgNTvA
Collision for sho6p6KEpNiqjwcZRoGDRw
Collision for EPwknAbInmvBjb399blnGQ
Collision for AJVcZbUmq6s-oGt6W7vDcQ
Collision for r423DJN7BQhTt9kNIDxzdw
Collision for DCLxY9feL2-9FaQY6X2k1w
Collision for WjNVys3CtmGDYF3cwfGWSQ
Collision for 7VBrARn6nXrQGWhgIh96eg
Collision for FznYim2pRX3cqLdMExT5FQ
Collision for HoDr4_NUIC-XygD6Po4I0Q
Collision for es9KxGRrotro14EGI5dkxA
Collision for wihXpmEakj2owLKVMhnF9w
Collision for Oi5U1cHbUKnU-DnqHVdYog
Collision for eYegY2EgH-jdGGjIa5TViA
Collision for YOglfeAxeRKnWTlzmSOnDA
Collision for H-C_4rTRq1yncyE9lUJl0g
Collision for m2Fc1IZXYMqiODw1xXsFTg
Collision for KwKbD6E657B3wDa1owhcWQ
Collision for NfuqBSkYBuQoBlBrUCUfuw
Collision for iSbn2Di0VQyfsRCYmxUzYw
Collision for lrYfHdJMo5sxrnYxCpfItw
Collision for 2q0t2dUnWU-vOVIDCRLZ8w
Collision for E_zbwJLlExVh8296B6dFrw
Collision for 7s2gw6QLGWIcbJkc4azQ4g
Collision for 4yt1U5IuUezedC0Vti723Q
Collision for BjRZGtG4RcGu_6574zrZNw
Collision for vq3dbVLKb84vdlLLNPzuNA
Collision for MR270OuWTv14l81zA7l8cw
Collision for PkLWMiXgiNriHk7ToXIIJQ
Collision for v4dgdMYDRzpAFitOew0Yqw
Collision for 5HF4KrSJZSSQFCMncReuow
Collision for sKUlIV69bLI9Y6DP6cI24g
Collision for wb83ss2sUwSK-Nr8VeJqdQ
Collision for Xm5ZHqsoniNkLPKBtgh8kA
Collision for gVmaKx1v-GNcrL4ipC7Ynw
Collision for Dml2yhgLxU3CMxUYGRT1jw
Collision for ZUrGL7WPd1RThUMs1rMDRw
Collision for Sz52THue_yW-7mi2kLEbTQ
Collision for JqTHk3wx0FCJevBKvrKsqg
Collision for e0r6rbvIhbDzHDbcBzEMZQ
Collision for 3Xx9eFpBZcrT3Hz9BsUoeg
Collision for g-xuBfgdei-OogPkiaZ9iQ
Collision for L16DGTQwvxB02j1tai6jSg
Collision for Gqwm8shQrKeajJj0eAGAgw
Collision for L4eclFH2qvJdWT0sWLmqGA
Collision for dFiwRcnSAcshBiFscl1urg
Collision for Rby9to-lcTqwndenWdH8ig
Collision for PFBC-5Wd2hIBUBFWqOvBcg
Collision for nz6XS26Bkvw7JoDlc4iUWQ
Collision for 5I6bYgc2I3HTSeCi7CWDTQ
Collision for AjX1rSvTt8s81JeJYJIIPQ
Collision for k0NOi3Iyqgoq9rNODlsR1g
Collision for nhkhhitWGJMhlSFUTPajJw
Collision for 6cICTHasO3DlYlViSpJCVw
Collision for IRT7OvBLZmRoYPbxmO9z6Q
Collision for eW3ib_EcXl5rEu7w6ejfxw
Collision for FnpM6oI2auru6qsD9CciXQ
Collision for OZnlBvXuKxjaScXWuSzHtQ
Collision for jLDg1c1_OZoqnwdLjFSrVA
Collision for nS0MQbeAM1i_2EW6soab2Q
Collision for gJRA94aCLQ2KqwLPzazmGA
Collision for VgUrw75_mzYycFjkMQyHQw
Collision for pmGqmXkn_-I17AAKRzpdAQ
Collision for sXK6hJ5_86Zy8LE8T24o2A
Collision for PcH3CIh5u9GGsfgJjm5ejg
Collision for rnj9I4eyzVHs8yVusLvptg
Collision for BiZyAXT3T0TbuDapdemkkQ
Collision for EfROL38WO2BGU09hPIHSHg
Collision for n4Y8QTOmM_up1Nic50bN5A
Collision for fYR5PD6R4pSYlSnt6f2Oow
Collision for yzADW9sNWJIbVXCMvt_Vcw
Collision for uqnxBUnFunGRdrQnR0IsjQ
Collision for QoarBPsmSwJ-x9A4GcQOoQ
Collision for g-Wt73X8lBa8oZi73sd5Fw
Collision for VCayAVWesexP6e9Am4FLyg
Collision for zG6o29TowLyA18bYoXgQhA
Collision for 3Lx5uiGBV-XRLyzDBe3Yhw
Collision for dZYeDfnMDK1_0GmFXkz1wg
Collision for DLu3QBRJ7HWf8TbxxV_Oqw
Collision for B4yQp6cnAIZdCe_YIrdUMA
Collision for rDGCnNpDUFv6HDKNuUhZeQ
Collision for tt0KZLGy3W2n5EVIC4S0vg
Collision for DNmjoNVmC9Xoe_jYhmSzGA
Collision for AqdHjWbAzytuOi0kPbceZA
Collision for sk7rBm6aZnB9L2xH4cXzZA
Collision for 3HTyJ4lKLVOqNMyxvkBeAw
Collision for Cxw4VwvkMcjUHkOlzucCtA
Collision for N8KjmqcZwNwKRmW_8K_x4g
Collision for zSC9eOW949YlBJJxC4ApzA
Collision for uECB8lgNr9r66EuGAe-1mQ
Collision for QRSYebbYadh0lVGDjJtHyg
Collision for p7WUyUNTBtggDwTDmcMq2A
Collision for mvOJIsYMi9IK7f8JMD8_mQ
Collision for aCY6IWgtUatC3EZcYtbJgg
Collision for wqqEzwCl-sb3_oIxRky41w
Collision for 4nlJci1-kah4IxOvQIytEg
Collision for l5-E94tu5klLnJEaMrDSSA
Collision for yqXJ3o4YufaBBE4EFAPu5Q
Collision for atzyWxMqU166k-GcBEXGtA
Collision for PEgRNwqtZUeJgHITzoGjUA
Collision for x5oDw6MV5xa0WDhbg7qNKw
Collision for Mm-I3g-_Wx_rgTtwqTbY8Q
Collision for BadKJSaniVfNLwNnCwT1xw
Collision for _4qy9Cp9hybboXbPI403Cw
Collision for 4KXykN-dMLDKJqh5WRZf5g
Collision for XqyLA6tlJ3aqO7N17ymgLg
Collision for JdWHJXhmTxIpATwo4IHMLA
Collision for 5SkxicJ-Bj7jLN_aMOBgjg
Collision for 0dLWKagXShb5Jkh_sYqddw
Collision for x1ykVECoYZBzxH0u6mE7vw
Collision for 6uu2Vat4mJnxy-2apwPuQg
Collision for rsuNax8UP1cOAp8kro-gLA
Collision for jInGJ5M9r0pq3jlxZ7-zpQ
Collision for DScS6VbPuZC5juqKTGqssA
Collision for mjH9ueMEbiVC3ePgA4wHAg
Collision for LWE33fLeMSIbG6aOqx7Jbg
Collision for D-d-_da0nmLZK__Ly4JsKg
Collision for sRt38_fAX9eFE_qHdNZFMw
Collision for naNaUnCL_9Mq2SMczQbxLQ
Collision for uT7UNVAgGk66oZByMxkKsw
Collision for 3BgxI66MFYMwsZJ3_xudTw
Collision for Vd2zNEsWoilkwpRpmUZAJQ
Collision for vwMK51eyJKwfcCAiH2VN7w
Collision for VJKB5GXPg40N4_RJfZgt3A
Collision for OI87knlNbnJJsClemQV-fQ
Collision for K_ZcSO2JvFmEKTmVtyksOA
Collision for gK4APaSc4fYNIy89YR4hWw
Collision for BEZkYK3tvuTjho5vaWrVig
Collision for MU-yjipAH0tAzrFFgoEVUA
Collision for 2kyyHX1sTt-rw8wz4lFqow
Collision for 5euYPMN1z4163moOv7IzPA
Collision for rvnfM_FniqpfUsE6XUKVSA
Collision for Uh5r9YBAjxEjeJ_ovClRYQ
Collision for 69OCdsnA0akmkEI5U9rBjg
Collision for MXSuaIN7UMI9zInc3LiiJw
Collision for C8C8etx_0_QVnAs2j5yfsg
Collision for grFfxnTCB3ztyogsGLqoDw
Collision for 86GAJ4iywi6D3aO9KDo4Ow
Collision for wl6-kvSEYXEzwdKqymiRpA
Collision for MlYbepkkW91blQrwySXXag
Collision for cYzSWWhNr2Dq-v9G3cWD5w
Collision for iEHlBR2cf7nZrozZEhhM-w
Collision for LbEOx-n3mvHyYYIyHATCPg
Collision for 0gWsnEk3DNepL2ZLjrix4g
Collision for mGJpd2QulLo4n-3aTvKjRA
Collision for pWzfkpm1ISIw7dfDMdspKA
Collision for vjLcUa-qKiOpzdtFzq4taA
Collision for GN8je-Q0CX5xPiUkV_KkDw
Collision for 35_6lMwtl-F4TnT3fXvE8Q
Collision for 6jCnvNIffmr7U73sBSbILQ
Collision for d6p_VwRYiquDqKi44hs09Q
Collision for tBJ6M_GGfiqWyeYvsQnJsQ
Collision for ezLmT6gbhZg6w-o6dGI02g
Collision for 315NpRcLa5I22GTagOAh3Q
Collision for Qr0x9hczD2clvfbh6Vas5Q
Collision for KqvdIPUr88aid3OUUIsN0Q
Collision for McRKFA2BTuOjA83Uxy7OVA
Collision for jMivbOozMYJIQqqedvX4mg
Collision for sGLw_JsLr6Z68js6OO70_w
Collision for hTUKhiCWsubsjzHFAZNokQ
Collision for HTNVsOBPvwZ4v9h_rkyVmA
Collision for lA0y-At2XLgsmRJUGfJ09A
Collision for R7uIl31sq4RV89wJqctJ3w
Collision for toLmnubADJCEGuZDxthHjg
Collision for pA4rpN4emNMKBB7t_Bt68A
Collision for XxXF4JU-ZZHunfCn35Rq4A
Collision for ADNTmW2jR_LsPVHh5tAZig
Collision for pSTZP_nFEug1mCy4hvxaZw
Collision for GU0X9vrMStBlneWp9yxTSg
Collision for X3Z9e01UOrqqNV3_iKPQwA
Collision for cwm9HSbd6-dNLe12Q3G5iQ
Collision for azV9JY3LODz3JKHpthflGQ
Collision for G8RK9VQJRYJBEeRU9pyv5A
Collision for 8l4YCBNsL3e2nq0w0gOAEg
Collision for YCNqsUj9se57ZaRVmzedsA
Collision for MAqeNYQ3CGg5cTgNsCRMGA
Collision for jtrzoQ0FjzSeNi2OnqZmeg
Collision for 6rHPhQHisjw_fqOqMzCLMg
Collision for I7yL6_1up1gTG2Kfdl2C5g
Collision for _p8svSBvewORXzRH9_jIlw
Collision for psitM8YmzOWIrrn-4HYUoQ
Collision for te6bCxFxl3yMto7W5zSwMg
Collision for yBXx_cbq0T_hMgDvBfvGyQ
Collision for lMbUD2qfzVZunRHjT6DIUQ
Collision for iSD4-aMjkTzXaouLlUTyOg
Collision for RQZXXANiVyiyB86AD7IoMw
Collision for hIuB5ULb-CA56DZ_RGOpcw
Collision for 9onL-74_uNGCouvGyszldQ
Collision for HNPSS6vIUcvBdSbjzLq-xQ
Collision for vqaJkqocLlhQzPwQdaaPkA
Collision for 8jSeX0HT9It3U34I1fR0sA
Collision for 5skNiO_jnF-2n7daymvmlQ
Collision for O8JdQjAR4DhHzjykeO1IJg
Collision for jW--QWnw-CpzDkLVFbtX8A
Collision for tdmF1RvVtF1NyefKM07wuQ
Collision for rwG6TsPZRVMQFYrMkfbCZA
Collision for Lfn_IyCi-UP9IyvXJjFkzg
Collision for 1YYW6qTwXSHSHQb-qTtpAw
Collision for eu_n7sAt77Voio0kalVywg
Collision for 7o6ag84mwm04CV6rNf5OVw
Collision for JbjeuIHgeUPPlRzLqhbj2g
Collision for z5vRf5uN-gBUUL4OGVv90Q
Collision for xlQHn8kmmD60DiqaRwXhzQ
Collision for oFC2coEe7w0R9MH1L1cT3A
Collision for PHD5FVh1r_zv3YssJiI5Qw
Collision for T9Gr-Q4lGWQJvzkd35V-Yw
Collision for L8pxXH2mREpbEvvcqnHKmQ
Collision for ezZO05SmP4rjhZ8ueskVNg
Collision for Gh5YxBeGhbyIhJsPUtWzeA
Collision for 3E-C8nZZvDa3LFR1FbrwsA
Collision for qzAvmrYy8iifu6vBgnMQQA
Collision for _dkyv6gI5WVDyg_LRYr_5Q
Collision for GEH-CaCjpxGYrnEE5akTZw
Collision for vLzUu1YzmDPipM9SRFZ1xw
Collision for N8XRCckSUulm2fVO4w0NlA
Collision for 855qCAeTBKr_trgsOfAR7A
Collision for SCpOuqX36iZXPyjfI9ORwQ
Collision for sYuBKpJmJlbYbKSjhh7Yew
Collision for 0zAb0gtLAog5WiAhkD6NvQ
Collision for aLdXG4pkBU6HQBoHV9m6nw
Collision for F6Vm_P8ahNoArp_WHPFsJQ
Collision for 4-njSbfXg2Mzb_QK82FbXw
Collision for bVU-eeFmDLCaV7ZIAz2ocA
Collision for g6UVWRY4zejDhjo6BNrqig
Collision for jJI42OvNlaKXxBo8me-Qdg
Collision for sNlEXVIP_0tHqheca3BZPw
Collision for T0JA0c6k8cvgpyc4BjJtFg
Collision for -DvTiCBHet34Bl5LXm0O-g
Collision for nfm6h7MUqITXKiB6VvODyQ
Collision for X2nYSMBd-Q4g0yi4W790Hg
Collision for KXooOn1d_9QR2n7KxaGMew
Collision for v1ybj2aPKiaxN_pm_NHeGA
Collision for wj9J-A4MWAxXgleHrJMyUQ
Collision for RusJTKfxDDmFE8fcROnEYA
Collision for WXbraVQi6XsknPd6GKJUaQ
Collision for e3jjRpRWfgMfPKpYMxr2qg
Collision for w-jqzpeF8GvJNqsdzThaTQ
Collision for XR5AJdtxNeCixlewWgxA8g
Collision for S1jiYHD3arbDch3DtmAo7g
Collision for ZA7ddZtYy6wMYJ8QbeBX9Q
Collision for eIVW0tnZzKduEaA0_ITiCA
Collision for kwn2vf0X6aplCFR-t9lHoQ
Collision for a0UYTpEhszcR-i3gj6gwQw
Collision for 1NA4U1cM_d9fRRTF3awGhA
Collision for NhTrXBiyCQCX25JOzXrT6A
Collision for jMI_6xFvFeVPk3QTBk7zTA
Collision for JMapRK19GyHO9s9VwGHW2g
Collision for QBf8H1aNCy-6MkZCslFJYA
Collision for q2sc8diuKctPnYM_GwEULA
Collision for ownxJ2saz_LDSSWzjZwinQ
Collision for RhHJhPz8VWv_6ZlmkTwQfA
Collision for oyV3dpuyXgLwy-NPOyWgHQ
Collision for jbCoeCxBHhvfuMCTuuTnEQ
Collision for 8ocez-H8vEBIYrPooT3TJQ
Collision for juZ1HhUTdhzkokoQJGqMvw
Collision for AfvRrSFti24M0-Qixl9V2g
Collision for Y-GQp2TLTf358hql0Xg5vQ
Collision for 1XFfNBlPUDpQk4Hpx1W2fg
Collision for wlXQEpWCHmpar0uoJNpr1Q
Collision for OVKbna_uwwJNRaX28xpOuA
Collision for VQ2KXcEmK5RyT8uMAUZu8A
Collision for BS9m0qTGwMXCyCFSmBExfA
Collision for H1eHjbzwyeg7v3EePBuj8w
Collision for zg8uCWQyHXpER9511SX2cw
Collision for R2bvO02RXzR8BOKhWE6swA
Collision for j75yBhGOGsGnBRuynJTdGQ
Collision for EY3TbOu786N-9QyjJRvOxQ
Collision for dKpEb2O-ZSlbQFvGlbfvBA
Collision for 4ONG-RVHWeg_JRbcMqmanA
Collision for w9YJywOdpfowr0-ccMVWQw
Collision for vt9QWBpJn8u6lo9DH-grHQ
Collision for pJ16pImSZ2smo7u1FTYFTg
Collision for RRWuDsXaBov5ZyCT0Z1qtw
Collision for tm736vkowsbqH7pu4heqJQ
Collision for GOICs9TRcqvBP-d_V1dWfw
Collision for 0pE-G2VHZYdq90IvognjZA
Collision for YhU7JKIhkd2jkdy45keLxA
Collision for YWXHWMs5aKq8ccid23Aarg
Collision for XOCZszt7R-ntw8HzqKfdSQ
Collision for dnwG-cLZFP-tlL4Vm4awgg
Collision for RuEr_xfaF3vJVRiYolSoKw
Collision for fGORaJ1m1r7HR4fIpLg6zg
Collision for Ov-9NibH1uQKcSjw9WpfOA
Collision for QRD4scw_1kbCmgF-dtdkyQ
Collision for y0HiKg0-ZEQux39fs1CcLA
Collision for AYHrvn7W62QM1tkxLLap6A
Collision for HZBVR15Hxod0yWATVIvHHQ
Collision for 5_4WuBMBBUY3rhhdtvwVQA
Collision for vYBICEMPPy1wJb3TcENVEg
Collision for 3n5Zl0p_18KgZc9shbRedQ
Collision for 8Z6Sv-b1Vtyw-DpWalphuw
Collision for VoyUIlrk3bjRCiA77PIBEQ
Collision for cfXtJDHjgxrI-lbcAUW15A
Collision for lZPFHCibJjGh8ra0Hl8zOw
Collision for uSdYFMzQOqnvwijn4gjAkQ
Collision for 3G20VmXAki3ES7E5mNey2g
Collision for AXiI0y9-eYAa-elS506sbg
Collision for SbCptq9NHgfSi2VcXqMcuw
Collision for Uw9GOsc-r5ODnDgUmZqTdQ
Collision for FlSUvGoNlNTnXTmXQPIxcQ
Collision for GkmEDqMxfVbBKpHws3NSjQ
Collision for sXuH0LSUZpE2C103yp8HBw
Collision for 3BGMZ0yu1EXLP1wFhnGQ_Q
Collision for 06Qh0sDDupuCJ4GxURyCag
Collision for sngLnL-RE17rUCSLzWDrtg
Collision for LpZo9m8stcHKMxY-Sb-s3A
Collision for 4BqzdfcA8ovqa5uCW18yVA
Collision for 9APmRZyErHaQO-VVonbGDg
Collision for RVy4hzwenqtUJGYOl4Yauw
Collision for _KVT3yr9D7hMS8gQjjHjxQ
Collision for MZ6YkpcFt8IDF_ozx3St2g
Collision for gcRsAEsPON2-E2qRJG2Yzw
Collision for Ql9Ujqt29EH-Pl5wSNoSwQ
Collision for iVbnRrDIsVaNjY8TwIWqbw
Collision for dnnS5mukaMAerA01dcZLOw
Collision for 0qrdm20B04ZsBhLb7seByA
Collision for RZ18DibkyygtuIlCCMit5g
Collision for Fq7GZ8EWjB4r7AjMMI6oIw
Collision for WNDPX2TUZfXNt0NG5aVZtg
Collision for wweRzmD5u5qS7wYgiog2Xg
Collision for ZcDXyLMmbxRQdpj5LiX4ug
Collision for XNCciOOwqqJNLNbB8SRZlA
Collision for _vpUpTsWGi4p6LPYdKHMSQ
Collision for O8u2rA2J34fRrZe1HZvJvw
Collision for G7rSzr7CTqy8TTNpoE4o8A
Collision for TMXCBxJBBEFliBeb_XM3JA
Collision for o3Qau12a4EszIn6ATlz9cA
Collision for GcvsicjWsoi8G4PjiZ88yA
Collision for VcDt4lguFagt153rkeBZRA
Collision for ggnK0vU5dl6QCgL9XCUjYg
Collision for lAEFcu_IUC_5CoZRp6abdg
Collision for GZAD0hfYAc7UR-p5gMkiiQ
Collision for 3R8wQM_T2T_CPgltnomStg
Collision for OTHv2gShvaa4hpuQJDDAqg
Collision for 2SrpOEWibFqBAgb4GWRyug
Collision for OrJbZMf13WaDEjJ3BO68YA
Collision for dHd_iVQgIv6oEDHZTv03-w
Collision for TjSsrPkyEiImAlHwrpDsvg
Collision for Iq-aBnFN6BVy0bLn1qZt8w
Collision for j5Fwdd6QO8vqCHM3OfWrfQ
Collision for q2xcUWbQ9eE5vTwKzITKXA
Collision for jA-rq_UB1vhSEhoHJB1YSQ
Collision for dR7V9hvHSXbbPwzlAtMxMw
Collision for VMX2xzqc-G4ILW2BndCX5g
Collision for w_qPW2oCgUefu6ePVtTacQ
Collision for hOLjnDEmZui5R-Rb0F8ALA
Collision for a57p-M8d0I1pmtCHZNMByQ
Collision for xGwk-WteoDP5S7JJIpeWzg
Collision for _0dkjMHDGOrhbjC46UigCw
Collision for SUocs_VaI2m_w-HKI6Svtg
Collision for R771C35HfvUjcSevXI9Bhw
Collision for oWslvAEG_AJ_YpjqUZnOMg
Collision for BUeXUA0OvrUcfQlOKWXO-Q
Collision for gpbEE8mAcYDCP5zNlSZuOw
Collision for HLM7r7IodOSbsP5LQEsF3w
Collision for -meMfl0LJV1cEbgbsm8C3w
Collision for Vhlo-pl5PMY65SKKVUTMbg
Collision for nuBdNKK3oFiPMCiv5zpZoA
Collision for XzIdDIXtHAllhgatrBJo-g
Collision for 5JNQ52-SWRRY2n1bjuZ-xw
Collision for NcyKHZFTUxJaMca4l_-uaw
Collision for vdKHRjGanhFzDZ_6Mq_UMw
Collision for 79zk3HYhdc2scPI1MBIzww
Collision for rGniXpfOJk56zhKxnGB98w
Collision for zjWYK_V2AdUaIR3_WwW7qQ
Collision for M9q3PI6NN4no9bF8aLmQkg
Collision for XI4R-Sy3CLdzdIkvUudOeA
Collision for aniWFcRMzS9gaKJohV_j1w
Collision for rWrjt2SLufYOwCkF1dkQyA
Collision for Qik-uv47FzwES1840h9Dng
Collision for qpiin1zcS0NXCrUffFI8KQ
Collision for _24geh3A-mUHqOgUuMsxSA
Collision for 5xmImqGNMjSEG7kjU4yIZQ
Collision for 2FHk6CNr-kyJgbrJX522EA
Collision for 7S-upDipP-0fJEirt2OY3Q
Collision for N59ZOL-Ale39Yz_kDFdKtA
Collision for _GsfgejUPWKS6LI7VRiXAw
Collision for Jniokacp_PUOT6t6hO9a_Q
Collision for mM3N7YEICgD7HFkbb6dI1w
Collision for RxHdnlWeLMhx06I35PmFJg
Collision for 1WAo0lv3ZC2DkypUCSVNnw
Collision for 5d8edwkEiEHc5Z5d52yaAQ
Collision for URwWkx4s0XnyvWMO9RHgcg
Collision for E9UsuiVVBh6y3RCs70miqQ
Collision for dlmlrRtCDXn-E-rA8QaYOw
Collision for t5Zyo1FmPclUzCClPNuznQ
Collision for QVsAMwFiL73AtXPYdu4Ruw
Collision for 3C0xouUHG-fKZ8kl4d7exA
Collision for wF-h6SPU200Pa1pFS9vSow
Collision for cb5dD22yB_w-WTuvBk5FGA
Collision for yw3VjneEt7jJERIMuwfM_w
Collision for quAPDDaXJDR87yHQ1rYoBw
Collision for u6SFLMg1gojj2hJWkWxnhw
Collision for Dcv1y0YmXxzs1sHZ5BxImw
Collision for xmW1LDxRT5xqZpLd55AOWA
Collision for vZT35ibgc5rwsg8UOXKx2g
Collision for TxUW2aaBtUJVUJ54tS1-VQ
Collision for GXEub2cPklR4MyWQh3jGtw
Collision for ZwEj7Z-5J_RUFt2Ek0gOaA
Collision for xonN9gxWObqurh6yquWBwA
Collision for sQAUiRRftb_baGRCpQ-26w
Collision for EudwD3V9onxxZGZ65P-9xw
Collision for MIWU-16nX_h6IyEoCWEugQ
Collision for 0hQKptr3BqaqEscRRk0D8Q
Collision for rLOplwk6n4wb-AjfuhY-Yw
Collision for XvC_d4qJrZRaaYgZYHiq8Q
Collision for O_7Ww-BeDaJM2MWi4RKcsQ
Collision for vAtZcSOkZ3fHpLvu-wbi0w
Collision for _qRe8eqwcGVDvdWp4fdKhg
Collision for tUtmWsLrpik7L4m6pzcM5A
Collision for UOSdRffKiGToQNMkAeOJYA
Collision for B5IYRwMl2ji7aQLmP733VQ
Collision for eJ6QAQLMvzq2m-7MgfGPVQ
Collision for 22IWfgpOMQYCyIQOwco8Hg
Collision for Hzo09SBC1yVx0gYCgeGsig
Collision for RfzPqPXZjLTD2xW_oqJkPw
Collision for 6YIq8-EHm4QlFp1Th6pr5g
Collision for bb-kwLqZKhjtFI46o2y-Dg
Collision for QwL_yBxYFgCeGajp3eMKPw
Collision for QUuHjuDTCieuK_KjhlIuZQ
Collision for 3g20MNNbJpGvl5r1Q-VxSA
Collision for 8YB7wb0i2vrywZVK9FEk0g
Collision for CQh7M_6JG4vdOyGKKH_Hfg
Collision for rBg0pkkJltuwhjEnXQMRSw
Collision for 0HakGKnZLpmrp3VhlJ1vPw
Collision for YuOZq4GAZ23BtHNjJpmdpw
Collision for jwvus61fZ5yRCtMW9JKdKA
Collision for VIVKRygEG5Yf0BEXKpQyLw
Collision for jhihvVm3afs_V7hdBVoZTw
Collision for oeQWBEX4gK00seN0pnix7g
Collision for cseN81QCv_CZIG7Tbda0-w
Collision for q7_oABLIclKL15-ZsoL30Q
Collision for bQkXFyw10QzOmj-LnfsCEA
Collision for 8PPak56yVDsREkZfg0MbWw
Collision for 4LV4iQl-4h_z29ymJF_zhw
Collision for lNE6wyStTjAARGC3hOCqEg
Collision for Hjxm3YvVkr1bYLcdbyShkw
Collision for 5ImhgBRNrESHGUGmsfQfgg
Collision for lP7KSKcvVoQS-Cwmrn9OVg
Collision for QDSjLLkhwnu2Nd35KdXA-w
Collision for -we2y0C0wbbO0o__YhEpgg
Collision for c8aFVDZuXQs1ywtR5y73cw
Collision for hO3Xu0VUgJr32VKnAxslDg
Collision for yc6YIVLcaaisj-0Bnr5_GQ
Collision for TAPVEx24vsOUQu9MRJSRqQ
Collision for 439fRBTD2fevflCvJfq5Ug
Collision for pKTozuIYNQWdGJTWexVvJA
Collision for aikikczclItyzs2e74vqRg
Collision for gq8Z-IbtDzNJvzns77HX7w
Collision for tNn-hX1viga09zT7vsiEDQ
Collision for _pqUNUSO4HGeKvF0OiuVDQ
Collision for TYENU1FG4HMR1Kdy3L0CmQ
Collision for vXSnDkn-zF-ucXlKXdwOKQ
Collision for ZtHGg5p8UbzE1P8Ck7frGQ
Collision for CSVDW6dkGm1OVfGC2eQt3A
Collision for FSqA15BhbjZasBZivpyjjg
Collision for GJfxvXD7eX23U2XQZH2URw
Collision for D8_fSEG4j5fxI0GavSvOaA
Collision for s7PFxRQBYhDqHnkWOxKO8w
Collision for OtFC2wOpbssitdeqaFCqGg
Collision for NYvJh-djDsX1_ApMVrl_9g
Collision for WzCGQG85nMkDwCWGZe9JpQ
Collision for GrewjITCMuL8P5Y3VKd0WA
Collision for C5WISzy_l9_VoNsae8pXsA
Collision for tvz_CRU3koupPHhbyxKYRQ
Collision for UUUMyXagx9roHzTKN7GVKw
Collision for jXBdANgQL-570atbLxxU6A
Collision for f0tY_cgf6rKvr0ILBAJdJQ
Collision for SnX2K-BI5khMsSDExlzq-Q
Collision for lqVdCpZjwZmkDuoZYFypSg
Collision for dRgHB6SJ2HAA1qsxlBvKXg
Collision for Ej7wYoEpXTknlHALUjk8cQ
Collision for 4IWfa2rQxN_IDRaJyDWSmw
Collision for ZMWm9ykFOoYRDO6QWKQBQA
Collision for UZb94xGDePhjuR6qOcXONg
Collision for zdJIzhAFJdPC3eBSjvQMiA
Collision for wWosYHP_3R_yj2K38rDUnw
Collision for VrZxZ-o4fCKF592PPvNJXQ
Collision for ArjdW6879RkVTfus1XFthA
Collision for IHQUZ8orE-_B5QW_WV4yFQ
Collision for QVJgL-iKB9BUMlL3VYdcog
Collision for R6ZHL83tB0Sl1n-c5_A8Yw
Collision for lo37St-IkGZjm8_Ji9hUlg
Collision for mlWK6HrbfssaH0kcTTZ8lg
Collision for uuaxNJWGgUnTO4AhVgjDuw
Collision for XEeh0k-FLMLsfQIEvx4VZQ
Collision for mTPa1YWhnvAkNtVY5Lf17A
Collision for 8DuLGVdPFHGkapWWNgiVog
Collision for G20K_vtBdslm0bU84yYuvA
Collision for ssqCdQDTdjVhVDGpqYSnIg
Collision for iqczk0Fm28R424Db6NZewQ
Collision for oZUkz3N5Op04k65fvw4r_w
Collision for dqOAmq6erWPnBCk5lT4Yjg
Collision for CyJ19wU2Dfoo9MtXrhUvPA
Collision for I9fmbmybBqwzWeUqAbon4A
Collision for Ofea9tiNMj8g5sYbdQnYZA
Collision for UFFSeTHJ5qyEQZC6d69mcw
Collision for xp90ghaDuS06kL0SuUQUDw
Collision for RbEf2qYyQpGTSs73xzl5rA
Collision for PwvZK0PEbOS0U-pQfWQKXA
Collision for k0Dzc81xEx2CgKUowpQnDA
Collision for d767pFMkvDO1KU5cur5U-A
Collision for ShDc4NcZhdZVPLojpE5qWA
Collision for kJk7px7S23IQRR1u0akMiA
Collision for SFFhr7Df9v7DOrQkiTDdqQ
Collision for tIw6SQHavKBeuZqjFR-T-A
Collision for xQPHcOR5YPrKgVC3Ceuilw
Collision for f9vqPrtcPjHZ2XQTjztMBQ
Collision for nPqD0W1EKujxFd3VuPnF6Q
Collision for Rz5E5plL5FGjVED0vJaT6A
Collision for OcrlgEhanCGxpmspAVkwKg
Collision for e8kX5MmKTdBTigdssnpclg
Collision for xRB18TGHeUWuU3P81-veQw
Collision for ySxqBNDpkxqkRyATg_KJQA
Collision for ePj50gupa2lKDxhj3jMRSw
Collision for -jal4gepjnnr8QOoyKzRSw
Collision for ZqQKGulb-1cNIzgZIKrtZw
Collision for uS4Le1-8kb6_jipsv4X4Sw
Collision for IyGGEFLEu3RvvNKWRudNsw
Collision for sS97keK0Uy0vUFXZdGQ6uw
Collision for F1a9TW_6p-Dlm4QmLbCwHg
Collision for b7PZpSZImx8JEli5qXQcfw
Collision for PTbAfByB3X07K89qlPpvVQ
Collision for PTbAfByB3X07K89qlPpvVQ
Collision for J_N_aW3DrfvUxO0z9OwEug
Collision for P_ByUSTp-FPc8OTkTm29ag
Collision for t4t8K5YJn03VK_qliT2Reg
Collision for jM1NkO9ChBBR2GoEcibt2Q
Collision for XhkVW0B_Zm7es-sJ4SMp8Q
Collision for Jsml19EpHHw5VqoieNsfSQ
Collision for venzG7lvtIDu6TaQJGTM_g
Collision for OybLrXU_3u4r-uSsIf5Zbg
Collision for 9xFt3BzjBTUR9F0ThqS9AA
Collision for QiHDcciIyMebBbhkjDIn2Q
Collision for HjfFOAWFNqXlw2EDL6_njw
Collision for oBJ59rbPW5KjEa2zC9g00w
Collision for y-A2beLfsUgdjO5T3FoPNw
Collision for 1DSHsRjmCj1nLmaTDc-HAQ
Collision for GIOK4EFTH6pexQj8xznDfw
Collision for 2_6j2cWDcT6gwTbLc5paaQ
Collision for qDxii6wrZkx8b7SjAZogDA
Collision for tm59RNE8iDziI3QPSxjpUQ
Collision for 5QJBSNgiccDdHoUdddND8w
Collision for Fn8pKuvXLzeOKM__Z9vluw
Collision for hTZM2KeCGh5xIDyTYE8cug
Collision for UPD2md9u9YB3wJvL4Ahnmg
Collision for 00fuwQ7_JqycRUmhY8RxjA
Collision for juIUq_dDAE2J8UJQ0lJkfQ
Collision for hoJpStJY2CYrKNKuFu6SGg
Collision for 5-gQ36zKcMIf3FuSvE5-xQ
Collision for gIFj03wM0B_N0mzQZ1IVKg
Collision for vhE9OUOm6kbAsOW0NZlgKQ
Collision for aAKH_sitp3rLmrMalzvqjg
Collision for SEuaG4pRe1E-Gs3RAIuGdA
Collision for xjAyS0XsH7aZVXDlZ0m8wQ
Collision for pRt27yFRI7xJQBgtnZI22A
Collision for OzyDTahG0zCDOjUBhN1Naw
Collision for BXS6tmK1zJgSoVumneBFgg
Collision for A66dzAhb3rrn7PsiwUpo9Q
Collision for gK9QLHgHDhgSaPonWbdLZA
Collision for xsA6fWwIcUSi-zzZes3vsg
Collision for Wpu5T1o5qeQFz57jd5zeiA
Collision for s6DSRdJaEV0TBEmVMiIt2w
Collision for 6PQFtSRbX7rgE669yVJgsg
Collision for hS4U8bZpIGPQwwnIoYXV-g
Collision for M4YHVHcK37NPYd3Jc8pc3g
Collision for jPsmy2jEaal0vpO0lUD5Zw
Collision for jntva5kxj-mvSSRhENkXKQ
Collision for RelL0Z9ef8iPlojqR69l2g
Collision for EE-CiavkUo2ebkUIA1uSEQ
Collision for 3g2bPHNDlDBguP7APzYCAw
Collision for pxp8naFTFjL1BlX9budWsg
Collision for 56boRLZ80OVEqe6Wmyk76g
Collision for XH7bsYvC8eUtrIw8Nmr5fg
Collision for PqWp42cq1Dr96cxDvM8ApQ
Collision for r_OSKExgiyvTTZGajmu5bw
Collision for k6kxh0Yij0Y8iBReC_tWyw
Collision for Nz1yBmS3pSA3S34o5xP5XA
Collision for 7wXG24TvPWpvtLWtQ0cSvQ
Collision for 5B5tN5Kf9fBKCU_GsnXIoA
Collision for MbKmstpv2zSferRw4Ajczw
Collision for tdfZkkK3oMsJYIQ3BSd6Rg
Collision for d_EMd01ZvXofnLnYTGWTHw
Collision for oy_EnYvijrGCBf2ITcHRQg
Collision for sCGplEz8UZFlnYqtmr2DKg
Collision for 6UDhgW6b2DZeVOj1f-ejqQ
Collision for VVoTCCiA0Jvih_CfswRccw
Collision for nVoCuJfQwx-Z1h3A6b9CFA
Collision for t_CZnAp-CVNn2LaXqflS7A
Collision for ncMpPm6sHIFobJuOCEFFRw
Collision for CNCUOda644q-UsQLVaRdBA
Collision for Ag9oO6z7QEWVPtGs7vVJCw
Collision for zE5ZOoOwLd2NioniWE05jQ
Collision for HR1lyjbgmcTeh8PoLQmQ7Q
Collision for hY8ADwQqOk2SDnt5Ivta7Q
Collision for mqOmYAwu7D41gI8nSpyilg
Collision for f26NdrDsF18NpyH9JagdUg
Collision for G6RDdO5iuSHy2GdCY-3PIg
Collision for mNqO7NVaZcaOfpHDYiX-2w
Collision for gkLOxdTIHTyYKsswXr1meA
Collision for Ojdj7GfpwVIfyIhtOSUttA
Collision for _4JSNuZyFixgHP4fdCXXlw
Collision for vozGXyGrRgoHg1Jm2mvwFw
Collision for PSBWBrDKNGGlhjQBZSVeKQ
Collision for Ga4KHFlDJzzU7WGJBdK4Gw
Collision for XVmQ4PHg62lwHh0PWF-YmQ
Collision for U8QvxkMmQK4k5r0hTqCNAQ
Collision for GfVRgcrXZ8OMmmGzHlQv4Q
Collision for og5guPlotkEqE3m8LUdEIA
Collision for Zk1Hf45_dXAnjd1qlg03PA
Collision for EiFop2MHxS-Sd1PHZ7X48A
Collision for poOkJYfpqVUzi9mD1zTCjA
Collision for -adYHio7h7EFOog6RgTRfg
Collision for bQqAjDD2v9im1rQk5YTNzw
Collision for JNeN2k4Cz0z_Pa02V-yp0Q
Collision for Oi7fyfjanDbIKw0xatXh2Q
Collision for CNYS11_a89f6Qu-foDxsxg
Collision for gkRZ0ZT5bvw7G5g899-JGQ
Collision for Gh2aAL078Gi4wvUAeBQePg
Collision for C2iWN5mVaaKe0oOcNwLqLA
Collision for dkhc4QsxUuyEjQ0CvMa1zA
Collision for 3-L9qmEMjFqo6YjDqPSPpg
Collision for mUiOcT3a5iCQ66EZQ8jx2g
Collision for kY2dcZb_dhd1NEfQhqbo0A
Collision for 5gS5kzqLSR5SkEnTbjoCgw
Collision for y2NytdtN5zwQJsQiVH8tow
Collision for NzZg5vANVefR-uysHX9Zrg
Collision for RXOOymZ9OZJb-o8tvOfVTw
Collision for ncn5DNmzn486H26LO9RngQ
Collision for EFP68oQaUSWS2CoQxJEGLg
Collision for E5u5EwkQ78lD0lLe1ykXBQ
Collision for xXYXSPtiM9CzqWZkfjTrKQ
Collision for yLxswsVfp5BB2DUso_PeJw
Collision for 8ExO65VDGPcO-c5rNjfv9g
Collision for jqoFdMUY6oxnmnSj6xMjzg
Collision for vbhFCzlr_DKzk22RGZ0z0w
Collision for QU4j-saZbAR1dA4XmB0WhQ
Collision for VV1PgL7LbBNu-3Lbr05n7w
Collision for V-KAkOXwu-nQJ-kW_C8meA
Collision for q_womNR4P7yma3O1AL1HIQ
Collision for gSE1FCfW-2zmn9lT3xR8sQ
Collision for p8WtpHk4YPT0DrrUe3eZMw
Collision for hRHO0a5y5khU5LGZsT-Vog
Collision for JMzdVOH94ydOrnCvzld4KA
Collision for oCx1bQyHBhxU1bWNoKsFnw
Collision for PuZjDIOqpt4l_QQavH_Bvg
Collision for Wdk1zChUVP1dIsTS8FAnnQ
Collision for YUHxxRV1QawHmZ1_jXNkQQ
Collision for Dgkn_p4r3SpbfsbJm6yQhQ
Collision for AWOCBFSaX8kHzX1W1x0StA
Collision for 2HX2llO_OGK90WqrIQJtnA
Collision for dlLBoIG_2DbShsmpog9r4w
Collision for eRlyIa2Mq06jFWNmjoBIqw
Collision for rbVcpgQTlGeNRMS97e1s8g
Collision for oUQq1KZKpqS9melSDZ_YjA
Collision for QYZiWedtCVCi_QfLlRnhLA
Collision for ormAtQkgL0Q2cTyaFlyZDA
Collision for 3Jrl3SL0zk1oThskOnciCA
Collision for -oPinwtF1l5YfQVSjftjgA
Collision for sfeMaekikFfChHv1EoqgiQ
Collision for Xu-7lGR38iNTtJ0jSmqGXw
Collision for Mcv7_pVknWeTWrOCC1cK0w
Collision for 8GgTdaCWG3z2W_4wupxUyw
Collision for 5va4XGRe6UFkamP9orgXXA
Collision for 7pcdxmT15SCPq1sap4ssfw
Collision for QgolRsafj8sdDKwCRLR5jQ
Collision for cwF8KNseAHiQEZO4A5KY8w
Collision for z2FSeONzar8y69GK_tXYUw
Collision for pkGvLX_sM1XxZ3688EVLug
Collision for otX-8et_N8LABf7Iyjpg2Q
Collision for L3fKf3VJvVEjJZQtr7ggBA
Collision for YS-600oTjoMk23FIC0RKbw
Collision for 96CzBH2rb48cqzUHU3nwhg
Collision for MKfVec2IT37PO0f39VAflQ
Collision for nYrvsuJuT10lzWiSnlyzBA
Collision for fmByorgOfYwOR4BOAqoGvQ
Collision for 3dJYd4NSNQYVrKWjJghbeg
Collision for MjwgPERFuNCg5tqbhYMhLg
Collision for 1EhFF04OTI7zE5oCnBwqSA
Collision for y0VB_70LVIk0wtQFUHUlJQ
Collision for INk4ur5E3YkSlEm8H6EGmQ
Collision for YiDqBk08UplPK674qxmYqQ
Collision for Y_R_LKk_j0Uni6znxH4Fug
Collision for pBDXnycSlDwsSXPzy-kFBg
Collision for Gvkg0enEQ5wYOtBhKXzK6Q
Collision for 2dnOaDd1TXrUTAOor_4fOg
Collision for yHrbxd7UKSjDZhj0FK1dYw
Collision for 2UXwdIKlfN2n5DhXlMG8LA
Collision for vGDkLS8-CAuyOjKig7L7rA
Collision for IZjEaDkRMeErpGNzZ1gGyQ
Collision for K52traZKh4OuPwFly1VzPA
Collision for 7w_cRZ1JmT247SffFN-pag
Collision for cL7cc4YuMpAJYVpQ1N4WWg
Collision for c_y3Cmoc-nXH0W-THCk6Jw
Collision for CZGJjpRWC3ePw1gFH3jRaA
Collision for bNUztQo6QAwi0_hsp-bHyg
Collision for jOH6V4dO5LPTop2Z2xabjA
Collision for l2kezOz94SDOxq2tgognqA
Collision for iw-NwEFTT3sZv11T9PLWPQ
Collision for xNWa8ApcXrcRalimU99YWA
Collision for djfRhpDVY897gz5dcVgJIg
Collision for TLXvapGJfowIOhlkCP50ag
Collision for YzNkduESKRVZm9tqRdh2Wg
Collision for l_7FYSg-VeKcGoVYH8usDQ
Collision for 0jPfuVa52bC3bZLdxOm0GA
Collision for kNnKIHavTuB3boJBLAs2Kg
Collision for qKnC35iSLrVz88LSkevqDQ
Collision for MzwY-xx0nwDX6JDMUFVDEA
Collision for 0DWLhAEeftJOB6FbpLuURw
Collision for lev6iZ-AhWVRNg-GkvAr7w
Collision for s814CSdnahTSvDmmVKvXGQ
Collision for uM2tA8urzhZX_FGcIXuc-Q
Collision for wS1_DrvXHv0WaWYS5Blu4w
Collision for qv98AO8rkbLGwkIE7F5ZlQ
Collision for 2SZYxXKW9ajDYzKFabJscw
Collision for qzx5GXs9859_LSzkTk4iyg
Collision for zRvwxRgdjWvK2_yyuBKH2w
Collision for 5f8FQj4uadrkiflGdczdEA
Collision for 6pYh82HDQKSjNyS-X38Z1w
Collision for RKnIZ096wbLGqqTp-qN7jA
Collision for XCV1_RIJH5F8R47TGuGOYw
Collision for rnWfK_JqYfGkR8ohAeL_WA
Collision for 0v2Kmw6ycxe5A6E2gdyucA
Collision for EtfoNNpuT8zMsRpVlQCe3g
Collision for P3twBYfmDYKe7UUBJEgUOA
Collision for 33RrYsDTnri3ngiKicQ7Tg
Collision for 2UKpLfHTLiVm_54jit5K0g
Collision for aO7Hht6o8j-a_GLRi0FBNA
Collision for cKJvdfrMEuP4jrrZxJ3xzw
Collision for _0IQ2jDN0kKMiOzwFX0Tlw
Collision for HREBoYJSsRFW_RL5lc8-6w
Collision for ieg0qBKCoJKYVn6OuNim0Q
Collision for a157KTdbtiCYzDUP_2fLTg
Collision for VRfuJxSQ19KfU7Z9MTtOBA
Collision for p1k4RKMXPmf-NsbQihXkcQ
Collision for LhsHwVFkVU0bFsKGdPpOtg
Collision for OZSGpq33G6I15qKBYAr-eQ
Collision for LosCxM5_rKOLCLQBiariNg
Collision for Pvf1wY3yEoMVVV-i7OvxOw
Collision for 0fJNNDiwg053yTqFIk4yaA
Collision for wqw3hj0lM4Z7xhirZyEwpw
Collision for 7fc67c4B-gBOnKOELDolww
Collision for fzrNK9F0WxiDawhQWlbhDg
Collision for q0Mzi3fC6b71aaXMiygBYA
Collision for fo0uNAo_oAFo1o42tNfeHQ
Collision for 338O5qsmRF-t-fWFM7DMIg
Collision for Cc8hCOcN_1FXftDBeex7Ug
Collision for QdGtbCADeP39tWR9LMXyIQ
Collision for tbsN1o8r21Pp4XUt0IE1TA
Collision for 6-um0U_SUzOCWhuntiGZOw
Collision for ywAONJy_5GI7U7sjHLF2-g
Collision for h0N7sUEp8TfC8lNzwgaIbw
Collision for mdmcS8Lw4wH6PLOovFLmvg
Collision for Rkkv0VDBlTyq9Rw5Xgr26Q
Collision for vS5D9T7rAvSSIef1AAn0Fw
Collision for P_xzVX98JNp_G_KHpCr-LQ
Collision for 70xF3KeV3d_-aLgvMLuN8Q
Collision for 3muOYhXyZhtBb357ER_1Ig
Collision for QXQguxp4SDwXXGXSN-jHtw
Collision for j6zAHAx8xdIWG3z0ywchyQ
Collision for E1nhNIaS2C5GXDe81NeANw
Collision for DtdLkZRzlL-zbw52C8k4tg
Collision for 1tC-BGMEonGQR31ZO1Sj0g
Collision for GP2uyxZ_nBUSg4XWf_oTnw
Collision for y6s1X3JAUS9xIE0TgEN_hQ
Collision for zn87ixKB1SwTtNWquUZyJw
Collision for 1Oe8KH1oyNZHKVG54he1rQ
Collision for wjSxj3PnTy8YvSP1UbfYeQ
Collision for -YaJZWYmQdiwfzhr_K6QpQ
Collision for 50tFw_-KLc1xPFMJ8VCl0A
Collision for 4qBazj0fC18IN3FvjnuVMw
Collision for GMtNIV9bkELYh5FmlpYPJQ
Collision for s-MMNyvmXEgfeWuR0kpocQ
Collision for OrAZQSCMMDtN7pot3nckLQ
Collision for DPWTzYirz-YwreRKDK7v2Q
Collision for siDD6psh2V01-U5mG4cy7w
Collision for r7zOKYC4Hj3x0avEHLbycQ
Collision for cM1mFnQwy8MhCpc0Lnav1A
Collision for f_5RqxWEBvWpYD_wXtfb-w
Collision for RG_jn_WjSM7IEuV3332UqA
Collision for uCCav7EdF8GfapUArDL4OA
Collision for T7EjtHjELA8lK8SsaI9_-Q
Collision for ODZB6iHo7UDyXQPS48gJjA
Collision for YZOktuL2D9qNK_U6E-Y4Xw
Collision for -Dp3sK-yeZ2CPE10oB4oIA
Collision for XVC-vGhgyyasZ0obQOJAGw
Collision for jgAZV2IVQqZPypC3EcKsLQ
Collision for nu1XIG9NGtGXYQCxdsvNMA
Collision for Ic9PWEhGrf7MveOmZXrrNg
Collision for 6-DIgMxL10d9M_DDhelkxQ
Collision for w7ChNWB4aMPjpkfmiJVDxg
Collision for b-mdnOnS-BWbOeueo6ubqg
Collision for 49hSlfIlsKIN6rM5Q5BIYQ
Collision for Hik1R4rAIKA3CcfjGCc1OA
Collision for VlJnj75TcBB5FF7CnXwXoA
Collision for D8t--jBRpu-dp8uYpcsJmg
Collision for DnWU2Qg6rcSsWhY4CEOy7g
Collision for gtsyTnmuX1UNAT1tB998ww
Collision for qH2-lAElchR4NfyLgnz_2Q
Collision for Azs9eumweXOupCKl1-hksw
Collision for iZzPCxGKBiVAHGJtFYfVFA
Collision for -X98BbZInCLkA0J7w-ICsQ
Collision for bwSyABk8i8pYnm6ILc7K-g
Collision for 12QRYZKDujBtdmSBHDzSqw
Collision for gdNw2mVxgTLvLx5k8JEvrg
Collision for zUko2dmIfKz5T18rp0g6vg
Collision for 6xxrpD_Xd6d1cQrUTxT9xQ
Collision for Hdm7HANZBxRjmq_7Dsmhhg
Collision for BUmsf7ZoUo2GxwEWyvKSyQ
Collision for TIZmZJHS_hmnGV_oO61j8A
Collision for KAy1kdp8_8wvnX-gTd9nyA
Collision for AMWOL1paE8gFKhUY8onihw
Collision for taNzoUUoqJBi2F4E0IILcg
Collision for RTVw4zyioOA-KiZvNglRTg
Collision for 9gk3p8aGozjj_YhGaRXq0w
Collision for vwNsbQGYI48-cjGaIAjoGg
Collision for bNUztQo6QAwi0_hsp-bHyg
Collision for 7X1mGPTAscsV_wPFr5KUYg
Collision for J5ycv0xpP6RXSin0hV4kpg
Collision for jeYFS1A4cpzshyNzetLvqg
Collision for KfzpQHtU-R4pbi1VrOYgtw
Collision for e78fALPwzFOuYLX2vsBhQQ
Collision for 2QLjhD8m3hp5MQwLg3nMqQ
Collision for VfzPLNlKXDMiI5XnLQdCLA
Collision for PsP_tVdrx0L8WMrTKypyVg
Collision for 6f1SpENc9IfFNi55Mz9IWA
Collision for ezxep2ptM8QrxpVleNVmqA
Collision for 24vTHRsafW2VAKJ9s7SR5w
Collision for 59kmXHmMjfV8AV3wMJXgcQ
Collision for OZGWqB2EsDccMz8uMtukkw
Collision for GlssXhsV3jzl3m45kEHpow
Collision for SBjZclpMjF3fEQ4PaLC8vA
Collision for LK0uZZo6YWJlyU3mCTevHA
Collision for JxE68cz1KC34gONEoM_f6g
Collision for ouWLt-4VrHFGIMZYVlkBHQ
Collision for 6PSZFEjcd0jYw3PqsoTrXQ
Collision for dnVahyMlnlsnaKigUhObew
Collision for OQDZG-CtFiM7CJgbRgyxCQ
Collision for qCp8cAaAIsqAU3wKjSq66g
Collision for JjMufDNWvMZ43t4oR2ac2g
Collision for KKInUUJXjwdA5KduNsdD-A
Collision for GcbwwUrYYEXKiKkb3TuSjg
Collision for cVw48eUsBJqNzieuWteNlQ
Collision for BJKJEo0LtjmZiMZ0a4S25A
Collision for CyJIVvACQb2FmKm06-ezzA
Collision for fORYiQH9GGWrOeEt7cx_Sw
Collision for 7YUfnwUL5dVWivVEqVWcTA
Collision for d0dBpulT3QdQjpxMBPBXYA
Collision for mGo8M2Paeajfg0KpcY3zWg
Collision for 3L_chw1QCpl-FuFJXAXFiw
Collision for 3x7su2mZftKJpw-iZyq-Sw
Collision for loPZuimFVBAyMm-8Fyab-A
Collision for C03Y-X8L8osoB9AMZw_q_g
Collision for pc5uN19CWcgu0m9JXWQgsQ
Collision for vKQfnBZEjc_kZUIWZz3jeg
Collision for gOMsp8TTW6JFyybq8gRB-g
Collision for PAhDrHwiiDYMrREUEXCI4A
Collision for FbGJQ54BdadiBD23mHykkw
Collision for fpHJim4oFI-F3VvfJqRTLg
Collision for zSxjmLBbdgIXy8CuDY-A2g
Collision for _kVLuVlMTyHvIXbOL7ZJFg
Collision for dVK8w2zvKJDW-iE81hOgrg
Collision for _0SvkOfxEbsvzngOL94Rww
Collision for fflBBUJXDnutugeralKGcQ
Collision for YXjNnao7vzb5GeVqfV6Zzg
Collision for N2vsweqoxcU0J5uE0U_HWA
Collision for bXy0qUtGUwJF__UbyC9VAg
Collision for Dgxt6VoXTwNJbfPkPLfhiw
Collision for tDGTIstdCyOJfvW_SeoidQ
Collision for PZYKnfg0VAfjL3zCUvB_ug
Collision for v1lcIOCvnej-VEhmZRWEaw
Collision for QE67iaUOqvGtKUlZ2dDKdw
Collision for mbrdmDVV70Dqp1ddHQmp0A
Collision for FOCcMMAoxrofAby4rZXJxA
Collision for jT0GU6t7RpAAVwp80DCAzQ
Collision for wWsjHo55M2rW7xXHZ2S6Bg
Collision for JgMKmQPUI9FIGaR293TNFg
Collision for ud5r1YQH9R1xbyubPnS0Jg
Collision for my-_4QAOCS-IohPIN4NkMA
Collision for PrUeJbVWiYjqTPjZcZiv9Q
Collision for qG6Yx1l9aTPRHgbGXadMUw
Collision for kXZ9yur-PUbl4tXcOgvdhg
Collision for oUXSTG1rCNux0FihByPskw
Collision for -6NdAoVX3vjoDEIYM68qpg
Collision for mLRfIM8nlKrP6mEVtqC2aw
Collision for zDIZo_GZ9wv20Y_8yU6ftg
Collision for 7K4OW9zpHVFbIEFlsfmXIw
Collision for FsrM5b66LrPCVQmnJRyXUA
Collision for aVXKWtVIaZXFo95YlW_qhA
Collision for 1LdyrEvCg_515yW0mZtkjw
Collision for soIKgfjWVTBGIFFAN8d9dQ
Collision for iQqzxZydl3h0umh15DK6jw
Collision for VXYJgjgAEsPmvXN8NoQLwQ
Collision for qTc56xin-qd9uuxWHLjJEw
Collision for NdB7HjXcGo7eRJLWO4ISdg
Collision for CRyaAUFl2fL02-FQ8SUJgw
Collision for 0yd2OMJ3r8zJXqq6baEuOw
Collision for HktdbWtuVpjpuq-klcFTzA
Collision for j7dJV5OUySVqESVlcR4fuA
Collision for -SGsWBsxvlCVRNxZDXKL8g
Collision for WNHV04wAewMfD5UGZPJRPg
Collision for zX4RZ91MIVWCeNsWJQRfxA
Collision for zch3YDlUN6VxU8NnN-ut1A
Collision for sBKghwvY2POl6qOIVfwIng
Collision for 9BrubBRaydH9GYi-Y0d7pg
Collision for -pS5qTQ1Wm5rTwWzLe241w
Collision for 16bznJZsqNEUWNaQ9Z4RpA
Collision for oqMS18qTpEcNIMNGtxHolw
Collision for kWqHw32FRVpYiJGSQDyUXQ
Collision for M_Mkpia-Ij56lV4vOhC6WQ
Collision for HTZmhQmlKINyW1-MqM1EVw
Collision for gdVq1I3BhVseteZDO4MvyQ
Collision for Kji1OcG03Y-x4C1pohfO7A
Collision for beXom0e1cpHt4VNBZb9Agw
Collision for 8T061I0hNYj48E6aT1MIhw
Collision for kK2SLDtqf9re9z55Q3Nszw
Collision for IA6FxhA0qdPX5TA5LyPJLw
Collision for JYEHL24Nx9bJ627s8CUZFg
Collision for 7dWCWBNcmy_0-WYMzCP-Jw
Collision for Vtsl4FOFZNwm-H99pOhWeA
Collision for dkadB9F5Fg0kcccE1Odp6A
Collision for 5eQAKAaphMj5AFUdK7KfKA
Collision for cq_L9bLiHmZ1X-a3TWfhXA
Collision for qPSTWB1f8B_ZkYhIzCuYIg
Collision for LMKtZ1_tA6Wgrsc9T-ghPQ
Collision for 0gMRGhjY5knqNLZffvTGMA
Collision for eloqekPOLIgVzGKRDtgo9Q
Collision for 8YZJnksA9CofulH7FucxhA
Collision for 5tRhi9paQ89caASyA6T0Eg
Collision for Mq32eLgVJ9YMjsPqnm8jCg
Collision for Mjhs49qcV6-NO4saLHGjSw
Collision for E6BTpPxGvXN3b_mbNQX6pQ
Collision for qLYCBXlDpUPLNlIgi3HWrA
Collision for A4wDn-YIfPpXim4lAoLqlg
Collision for ujs5ARnL2ajfs0oIxs-S1A
Collision for ZvZzH9jMenOsR00drp8S_Q
Collision for roWEvvh_y9YpFBfC-l944w
Collision for fMubZjjyI4aa9NjjalENwA
Collision for 7US7C93CNmroS58hCwND9Q
Collision for U09njq0fonaM_7kpRtEkmA
Collision for 8Z6Sv-b1Vtyw-DpWalphuw
Collision for YQNIC-NEa2qpopiM7ZPDzg
Collision for vtVLsg1fWJCJn9CALWCC9g
Collision for rKJKDPWTvU2XQr9JgkxCZA
Collision for ptI23LA8mwoIMTuA4Dd0NQ
Collision for UhsbGVeiDeEY4IVkgfCv6A
Collision for 9edlmyXamqd-dBOKoQqdwg
Collision for ZLVfmFc9GMNvAzcUxGjdjg
Collision for JTgaXKIfSlC9BgrdrHP4Pg
Collision for LxAaqOCl8I1_2AZscwWIYw
Collision for WKr8f68n1HxMe-0cPpJ_Sg
Collision for DyoL2e-Mn0UOPWoTaS3mxg
Collision for 46UGBlaNCRfVLVcSp0sUtw
Collision for E1EhSa1KPobaOt1HXZbYVA
Collision for VJjw_xtxmf5y0AzE5s9Iiw
Collision for i85ZhT8Rr0SmQK6NDi_Csw
Collision for YTSpUX5BquOn4Jq-KoziaQ
Collision for bOU7cjkiPT5EOdPtnZvtmg
Collision for I5v3VbHMnKWFmwZ4tJhVhA
Collision for EvNAEGm1SHGCwCVoFeWCMA
Collision for yi7RFRcad0ukV2NXKej6Zw
Collision for iLS0JbwIqGV2q39_7nyBJw
Collision for 2mLQi6OIq0scwFbQjBGgWg
Collision for tdPPgN_H7OmwiNHRMIMFGg
Collision for LubsrgGoGgCQcVpx7qfnzg
Collision for 3GM8-kbcCSqiBAr_B0A2qQ
Collision for yZeDshawFJ-fM3k_WPW7mA
Collision for UP7Pgl4LtZCzDVBE_DSf0Q
Collision for 3E-C8nZZvDa3LFR1FbrwsA
Collision for cII4rMVO2MaNOGZYvHeJPA
Collision for cyN93Zh0hevaHCb341H8dg
Collision for 3dXoMlVPEd1tM-jKHGshhQ
Collision for sAB3RJAj5vjbyNx1DubL_w
Collision for AqoWbI9UNhlA7pCfIAwO_g
Collision for pLZvtLPzoKoXQkWeLQ-aSA
Collision for _dZNpP6I6X1D8yx01dRlBQ
Collision for zfSLjy1mq4YMy88Axh2I1A
Collision for T8sD09rcDMwme1l4brV2OA
Collision for L1SGVPTsAvsTBiL-d5AZcw
Collision for 6iwWuFF5cjUK5D21Roverw
Collision for 8bCLqCMzYdiSnF1f8r6BeA
Collision for 0eKP4LLQVqkqolRP7mbqaA
Collision for uw3lqH0H7UdKw1e3EGaNGw
Collision for HFXm3s5j20KCgEMx85Y9FQ
Collision for wv_vg-AsBiIeRvUrVytBng
Collision for hUXnlJ_RGPZTmkidxLysog
Collision for FBlJOEoc2v6C0tEYucZqRg
Collision for dWfZ-SUvn4mEH5JrrjtdGA
Collision for IwlQBIgx15jw0EDURJnOoQ
Collision for ha6Vz1rW8Brl3PKN4puWVg
Collision for wo10jbvK5CpzD1g9MGsNqg
Collision for icgnv8vTxE_ObJiLaKO3rA
Collision for QPhS7pksHucbZ5Q8f0svjg
Collision for A3PSec-052qgUUbGVPFn4A
Collision for dkJpYTcYr2oWdIRWQ-YHkw
Collision for Q-987ZrXRqaKSknPznjCkg
Collision for 5wwC9sAhij-NeeDr4jZXMg
Collision for z4upiJW5RP3ItNiYCgSScg
Collision for 7BWia_-k5ea4sV7zmsM1KQ
Collision for X0d_IVAoUPe_jYw9OYV5WQ
Collision for GAWpDf3GzjpK543K1t4XeQ
Collision for FH-xzmcRKE5ZRFikPkJnIw
Collision for uvi1VwZetym0m_ez5OqGoQ
Collision for 9096CkQcqBgpS-GlrNxR4Q
Collision for 06DbFcMO3BQx3OfHAyZ7EQ
Collision for DJ48ZENBH0vO3fWIBNvdBg
Collision for kHaehwKLMcQvQR0_mSgxUg
Collision for IPwGzeKlj07s359FN6gMig
Collision for IbqQBIZnoYikW844nMpKZA
Collision for Eihd_iTfL4-ypctS9AF3Pw
Collision for pHLFY83kQGePZwR8MsggeA
Collision for 2msCWUNk8cUao07YVYCHOg
Collision for q1DZopuPL6cQJxP4-ZupeQ
Collision for I0-nqMlZZqdH1iJ9iw1RZw
Collision for LsXXbuI_xB84_bz6Cn5u7g
Collision for _LKnT_RyLPbI6H_gliSS3g
Collision for _8duh8bm_xyLWp1umXpUkw
Collision for _MwzGr9X1R7YykQ85BAX3A
Collision for ZxwoUsBeeTOCQnw23KPULQ
Collision for 753-O7F6-1dPwzUVgNztlg
Collision for tpUYzIhUloZDxO0fH04lqw
Collected metas for 66081 locations!
